Workbook

Sheet BB-2024-Friday
A1: BB Pg | C1: Suggested | E1: Adj to Rally dist | F1: Dist. To adjust | G1: Dist as per BB | H1: Rally dist | I1: Current Survey | J1: Error | K1: δ | L1: Clue | M1: Speed Limit | N1: Normal-ised Dist | O1: Previous Surveys | U1: Lat. | V1: Long. | W1: Current Survey | Y1: Previous #1 | AA1: Previous #2 | AC1: Previous #3 | CL1: Speed Limit
B2: Terrain | C2: Typ | D2: Asp | O2: #1 Adj'm | P2: #1 Adj | Q2: #2 Adj'm | R2: #2 Adj | S2: #3 Adj'm | T2: #3 Adj | W2: Latitude | X2: Longetude | Y2: Latitude | Z2: Longetude | AA2: Latitude | AB2: Longetude | AC2: Latitude | AD2: Longetude | AE2: BB Pg | AF2: Terrain | AG2: Sugg. Typ | AH2: Sugg. Asp | AI2: Rally dist | AJ2: Typ | AK2: Instr. Num. | AL2: Check Dist | AM2: A Sp | AN2: B Sp | AO2: C Sp | AP2: D Sp | AQ2: Speed Limit | AR2: Clue | AS2: Lat | AT2: Long | AU2: First | AV2: Last | AW2: Lat Long
A3: 22/10/14 | L3: Hillcrest Corner Old Main Road - PMB via Thornville - Howick - Mooiriver - Escort - Colenso - eZakheni - Glencoe - Dannhauser - Hattingspruit - Newcastle | AE3: BB Pg | AF3: Terrain | AG3: Sugg. Typ | AH3: Sugg. Asp | AI3: Rally dist | AJ3: Typ | AK3: Instr. Num. | AL3: Check Dist | AM3: A Sp | AN3: B Sp | AO3: C Sp | AP3: D Sp | AQ3: Speed Limit | AR3: Clue | AS3: Lat | AT3: Long | AU3: First | AV3: Last | AW3: Lat Long | AX3: Lat | AY3: Long | AZ3: IntOdo | BA3: InitFirstA | BB3: IntLastA | BC3: IntFirstB | BD3: IntLastB | BE3: IntFirstC | BF3: IntLastC | BG3: IntFirstD | BH3: IntLastD | BI3: IncDist | BJ3: D.HrA | BK3: D.HrB | BL3: D.HrC | BM3: D.HrD | BN3: HrA | BO3: MinA | BP3: SecA | BQ3: HrB | BR3: MinB | BS3: SecB | BT3: HrC | BU3: MinC | BV3: SecC | BW3: HrD | BX3: MinD | BY3: SecD | BZ3: First A | CA3: Last A | CB3: First B | CC3: Last B | CD3: First C | CE3: Last C | CF3: First D | CG3: Last D | CH3: Time Add A | CI3: Time Add B | CJ3: Time Add C | CK3: Time Add D
A4: 26 | C4: o | D4: 30 | G4: 0 | H4: =ROUND(IF(G4="",N4,IF(P4="",I4,IF(R4="",(I4+(P4+O4))/2,IF(T4="",(I4+(P4+O4)+(R4+Q4))/3,(I4+(P4+O4)+(R4+Q4)+(T4+S4))/4)))),2) -> 0 | I4: 0 | J4: =IF(N4="","",IF((I4-$I$4)=0,0,((I4-$I$4-(N4-$N$4))/(I4-$I$4)))) -> 0 | K4: =(I4-$I$5)-(N4-$N$5) -> 0 | L4: START in left exit lane of P1 parking basement. START of OPEN SECTION. | M4: 60 | N4: =IF(P4="",((I4-I3)+H3),IF(R4="",(P4+O4),IF(T4="",((P4+O4)+(R4+Q4))/2,((P4+O4)+(R4+Q4)+(T4+S4))/3))) -> 0 | P4: 0 | R4: 0 | T4: 0 | U4: =IF(W4="","",IF(Y4="",W4,IF(AA4<1,ROUND((Y4+W4)/2,5),IF(AC4<1,ROUND((Y4+AA4+W4)/3,5),ROUND((Y4+AA4+AC4+W4)/4,5))))) | V4: =IF(X4="","",IF(Z4<1,ROUND(X4,5),IF(AB4<1,ROUND((X4+Z4)/2,5),IF(AD4<1,ROUND((X4+Z4+AB4)/3,5),ROUND((X4+Z4+AB4+AD4)/4,5))))) | AE4: =IF(A4="","",A4) -> 26 | AF4: =IF(B4="","",B4) | AG4: =IF(C4="","",C4) -> o | AH4: =IF(D4="","",D4) -> 30 | AI4: =H4 -> 0 | AJ4: o | AM4: =IF(OR(AJ4="",AJ4="m"),AM3,IF(AH4<>"",AH4,"")) -> 30 | AN4: =IF(AJ4<>"",IF(AJ4="o",VLOOKUP(AM4,OpenSect!$A$1:$D$11,2),IF(AJ4="u",VLOOKUP(AM4,UpHill!$A$1:$D$35,2),IF(AJ4="d",VLOOKUP(AM4,DownHill!$A$3:$D$29,2),IF(AJ4="f",VLOOKUP(AM4,FlatUnd!$A$2:$D$30,2),IF(AJ4="t",VLOOKUP(AM4,TimeAdd!$A$1:$D$176,2),IF(AJ4="l",VLOOKUP(AM4,SLimit!$A$1:$D$8,2),AN3)))))),AN3) -> 30 | AO4: =IF(AJ4<>"",IF(AJ4="o",VLOOKUP(AM4,OpenSect!$A$1:$D$11,3),IF(AJ4="u",VLOOKUP(AM4,UpHill!$A$1:$D$35,3),IF(AJ4="d",VLOOKUP(AM4,DownHill!$A$3:$D$29,3),IF(AJ4="f",VLOOKUP(AM4,FlatUnd!$A$2:$D$30,3),IF(AJ4="t",VLOOKUP(AM4,TimeAdd!$A$1:$D$18,3),IF(AJ4="l",VLOOKUP(AM4,SLimit!$A$1:$D$8,3),AO3)))))),AO3) -> 30 | AP4: =IF(AJ4<>"",IF(AJ4="o",VLOOKUP(AM4,OpenSect!$A$1:$D$11,4),IF(AJ4="u",VLOOKUP(AM4,UpHill!$A$1:$D$35,4),IF(AJ4="d",VLOOKUP(AM4,DownHill!$A$3:$D$29,4),IF(AJ4="f",VLOOKUP(AM4,FlatUnd!$A$2:$D$30,4),IF(AJ4="t",VLOOKUP(AM4,TimeAdd!$A$1:$D$18,4),IF(AJ4="l",VLOOKUP(AM4,SLimit!$A$1:$D$8,4),AP3)))))),AP3) -> 30 | AQ4: =M4 -> 60 | AR4: =L4 -> START in left exit lane of P1 parking basement. START of OPEN SECTION. | AU4: =IF(GroupStTimes!$A$8=0,MIN(CB4,CD4,CF4),MIN(BZ4,CB4,CD4,CF4)) -> 0.25069444 | AV4: =IF(GroupStTimes!$A$8=0,MAX(CC4,CE4,CG4),MAX(CA4,CC4,CE4,CG4)) -> 0.31388889 | AW4: =IF(U4="","",CONCATENATE(FIXED(U4,5)," ",FIXED(V4,5))) | AX4: =IF(AJ4="m",ROUND(W4,5),"") | AY4: =IF(AJ4="m",ROUND(X4,5),"") | AZ4: =AI4 -> 0 | BA4: =TIME(GroupStTimes!A4,GroupStTimes!B4,0) -> 0.25069444 | BB4: =TIME(HOUR(BA4),MINUTE(BA4)+GroupStTimes!A8-1,0) -> 0.25625 | BC4: =TIME(HOUR(BB4),MINUTE(BB4)+1,0) -> 0.25694444 | BD4: =TIME(HOUR(BC4),MINUTE(BC4)+GroupStTimes!B8-1,0) -> 0.30277778 | BE4: =TIME(HOUR(BD4),MINUTE(BD4)+1,0) -> 0.30347222 | BF4: =TIME(HOUR(BE4),MINUTE(BE4)+GroupStTimes!C8-1,0) -> 0.31388889 | BG4: =TIME(HOUR(BF4),MINUTE(BF4)+1,0) -> 0.31458333 | BH4: =TIME(HOUR(BG4),MINUTE(BG4)+GroupStTimes!D8-1,0) -> 0.31388889 | BI4: 0 | BZ4: =BA4 -> 0.25069444 | CA4: =BB4 -> 0.25625 | CB4: =BC4 -> 0.25694444 | CC4: =BD4 -> 0.30277778 | CD4: =BE4 -> 0.30347222 | CE4: =BF4 -> 0.31388889 | CF4: =BG4 -> 0.31458333 | CG4: =BH4 -> 0.31388889 | CL4: 60
A5: 26 | C5: o | D5: 30 | G5: 0.02 | H5: =ROUND(IF(G5="",N5,IF(P5="",I5,IF(R5="",(I5+(P5+O5))/2,IF(T5="",(I5+(P5+O5)+(R5+Q5))/3,(I5+(P5+O5)+(R5+Q5)+(T5+S5))/4)))),2) -> 0.02 | I5: 0.02 | J5: =IF(N5="","",IF((I5-$I$4)=0,0,((I5-$I$4-(N5-$N$4))/(I5-$I$4)))) -> 0 | K5: =(I5-$I$5)-(N5-$N$5) -> 0 | L5: Traffic Light. Turn LEFT into old Main Road | M5: 60 | N5: =IF(P5="",((I5-I4)+H4),IF(R5="",(P5+O5),IF(T5="",((P5+O5)+(R5+Q5))/2,((P5+O5)+(R5+Q5)+(T5+S5))/3))) -> 0.02 | P5: 0.02 | R5: 0.02 | T5: 0.02 | U5: =IF(W5="","",IF(Y5="",W5,IF(AA5<1,ROUND((Y5+W5)/2,5),IF(AC5<1,ROUND((Y5+AA5+W5)/3,5),ROUND((Y5+AA5+AC5+W5)/4,5))))) | V5: =IF(X5="","",IF(Z5<1,ROUND(X5,5),IF(AB5<1,ROUND((X5+Z5)/2,5),IF(AD5<1,ROUND((X5+Z5+AB5)/3,5),ROUND((X5+Z5+AB5+AD5)/4,5))))) | AE5: =IF(A5="","",A5) -> 26 | AF5: =IF(B5="","",B5) | AG5: =IF(C5="","",C5) -> o | AH5: =IF(D5="","",D5) -> 30 | AI5: =H5 -> 0.02 | AJ5: o | AM5: =IF(OR(AJ5="",AJ5="m"),AM4,IF(AH5<>"",AH5,"")) -> 30 | AN5: =IF(AJ5<>"",IF(AJ5="o",VLOOKUP(AM5,OpenSect!$A$1:$D$11,2),IF(AJ5="u",VLOOKUP(AM5,UpHill!$A$1:$D$35,2),IF(AJ5="d",VLOOKUP(AM5,DownHill!$A$3:$D$29,2),IF(AJ5="f",VLOOKUP(AM5,FlatUnd!$A$2:$D$30,2),IF(AJ5="t",VLOOKUP(AM5,TimeAdd!$A$1:$D$176,2),IF(AJ5="l",VLOOKUP(AM5,SLimit!$A$1:$D$8,2),AN4)))))),AN4) -> 30 | AO5: =IF(AJ5<>"",IF(AJ5="o",VLOOKUP(AM5,OpenSect!$A$1:$D$11,3),IF(AJ5="u",VLOOKUP(AM5,UpHill!$A$1:$D$35,3),IF(AJ5="d",VLOOKUP(AM5,DownHill!$A$3:$D$29,3),IF(AJ5="f",VLOOKUP(AM5,FlatUnd!$A$2:$D$30,3),IF(AJ5="t",VLOOKUP(AM5,TimeAdd!$A$1:$D$18,3),IF(AJ5="l",VLOOKUP(AM5,SLimit!$A$1:$D$8,3),AO4)))))),AO4) -> 30 | AP5: =IF(AJ5<>"",IF(AJ5="o",VLOOKUP(AM5,OpenSect!$A$1:$D$11,4),IF(AJ5="u",VLOOKUP(AM5,UpHill!$A$1:$D$35,4),IF(AJ5="d",VLOOKUP(AM5,DownHill!$A$3:$D$29,4),IF(AJ5="f",VLOOKUP(AM5,FlatUnd!$A$2:$D$30,4),IF(AJ5="t",VLOOKUP(AM5,TimeAdd!$A$1:$D$18,4),IF(AJ5="l",VLOOKUP(AM5,SLimit!$A$1:$D$8,4),AP4)))))),AP4) -> 30 | AQ5: =M5 -> 60 | AR5: =L5 -> Traffic Light. Turn LEFT into old Main Road | AU5: =IF(GroupStTimes!$A$8=0,MIN(CB5,CD5,CF5),MIN(BZ5,CB5,CD5,CF5)) -> 0.25071759 | AV5: =IF(GroupStTimes!$A$8=0,MAX(CC5,CE5,CG5),MAX(CA5,CC5,CE5,CG5)) -> 0.31391204 | AW5: =IF(U5="","",CONCATENATE(FIXED(U5,5)," ",FIXED(V5,5))) | AX5: =IF(AJ5="m",ROUND(W5,5),"") | AY5: =IF(AJ5="m",ROUND(X5,5),"") | AZ5: =IF(AND(AM4=AM3,AN4=AN3,AO4=AO3,AP4=AP3,AJ5<>"t"),AZ4,IF(AJ5="t",AI5,AI4)) -> 0 | BA5: =IF(AND($AM4=$AM3,$AN4=AN3,$AO4=$AO3,$AP4=$AP3,$AJ5<>"t"),BA4,BZ4) -> 0.25069444 | BB5: =IF(AND($AM4=$AM3,$AN4=AN3,$AO4=$AO3,$AP4=$AP3,$AJ5<>"t"),BB4,CA4) -> 0.25625 | BC5: =IF(AND($AM4=$AM3,$AN4=AN3,$AO4=$AO3,$AP4=$AP3,$AJ5<>"t"),BC4,CB4) -> 0.25694444 | BD5: =IF(AND($AM4=$AM3,$AN4=AN3,$AO4=$AO3,$AP4=$AP3,$AJ5<>"t"),BD4,CC4) -> 0.30277778 | BE5: =IF(AND($AM4=$AM3,$AN4=AN3,$AO4=$AO3,$AP4=$AP3,$AJ5<>"t"),BE4,CD4) -> 0.30347222 | BF5: =IF(AND($AM4=$AM3,$AN4=AN3,$AO4=$AO3,$AP4=$AP3,$AJ5<>"t"),BF4,CE4) -> 0.31388889 | BG5: =IF(AND($AM4=$AM3,$AN4=AN3,$AO4=$AO3,$AP4=$AP3,$AJ5<>"t"),BG4,CF4) -> 0.31458333 | BH5: =IF(AND($AM4=$AM3,$AN4=AN3,$AO4=$AO3,$AP4=$AP3,$AJ5<>"t"),BH4,CG4) -> 0.31388889 | BI5: =AI5-AZ5 -> 0.02 | BJ5: =IF($AJ4="t",IF(AM3=0,0,$BI5/AM3),IF(AM4=0,0,$BI5/AM4)) -> 0.00066666667 | BK5: =IF($AJ4="t",IF(AN3=0,0,$BI5/AN3),IF(AN4=0,0,$BI5/AN4)) -> 0.00066666667 | BL5: =IF($AJ4="t",IF(AO3=0,0,$BI5/AO3),IF(AO4=0,0,$BI5/AO4)) -> 0.00066666667 | BM5: =IF($AJ4="t",IF(AP3=0,0,$BI5/AP3),IF(AP4=0,0,$BI5/AP4)) -> 0.00066666667 | BN5: =IF(AJ5="t",0,INT(BJ5)) -> 0 | BO5: =IF(AJ5="t",AM5,IF(INT((BJ5-BN5)*60)<0,1,INT((BJ5-BN5)*60))) -> 0 | BP5: =IF(AJ5="t",0,ROUND((((BJ5-BN5)*60)-BO5)*60,0)) -> 2 | BQ5: =IF(AJ5="t",0,INT(BK5)) -> 0 | BR5: =IF(AJ5="t",AN5,IF(INT((BK5-BQ5)*60)<0,1,INT((BK5-BQ5)*60))) -> 0 | BS5: =IF(AJ5="t",0,ROUND((((BK5-BQ5)*60)-BR5)*60,0)) -> 2 | BT5: =IF(AJ5="t",0,INT(BL5)) -> 0 | BU5: =IF(AJ5="t",AO5,IF(INT((BL5-BT5)*60)<0,1,INT((BL5-BT5)*60))) -> 0 | BV5: =IF(AJ5="t",0,ROUND((((BL5-BT5)*60)-BU5)*60,0)) -> 2 | BW5: =IF(AJ5="t",0,INT(BM5)) -> 0 | BX5: =IF(AJ5="t",AP5,IF(INT((BM5-BW5)*60)<0,1,INT((BM5-BW5)*60))) -> 0 | BY5: =IF(AJ5="t",0,ROUND((((BM5-BW5)*60)-BX5)*60,0)) -> 2 | BZ5: =BA5+TIME(BN5,BO5,BP5) -> 0.25071759 | CA5: =BB5+TIME(BN5,BO5,BP5) -> 0.25627315 | CB5: =BC5+TIME(BQ5,BR5,BS5) -> 0.25696759 | CC5: =BD5+TIME(BQ5,BR5,BS5) -> 0.30280093 | CD5: =BE5+TIME(BT5,BU5,BV5) -> 0.30349537 | CE5: =BF5+TIME(BT5,BU5,BV5) -> 0.31391204 | CF5: =BG5+TIME(BW5,BX5,BY5) -> 0.31460648 | CG5: =BH5+TIME(BW5,BX5,BY5) -> 0.31391204 | CL5: 60
A6: 26 | C6: o | D6: 30 | G6: 0.16 | H6: =ROUND(IF(G6="",N6,IF(P6="",I6,IF(R6="",(I6+(P6+O6))/2,IF(T6="",(I6+(P6+O6)+(R6+Q6))/3,(I6+(P6+O6)+(R6+Q6)+(T6+S6))/4)))),2) -> 0.17 | I6: 0.16 | J6: =IF(N6="","",IF((I6-$I$4)=0,0,((I6-$I$4-(N6-$N$4))/(I6-$I$4)))) -> -0.041666667 | K6: =(I6-$I$5)-(N6-$N$5) -> -0.0066666667 | L6: Traffic Light Carry Straight On | M6: 60 | N6: =IF(P6="",((I6-I5)+H5),IF(R6="",(P6+O6),IF(T6="",((P6+O6)+(R6+Q6))/2,((P6+O6)+(R6+Q6)+(T6+S6))/3))) -> 0.16666667 | P6: 0.17 | R6: 0.16 | T6: 0.17 | U6: =IF(W6="","",IF(Y6="",W6,IF(AA6<1,ROUND((Y6+W6)/2,5),IF(AC6<1,ROUND((Y6+AA6+W6)/3,5),ROUND((Y6+AA6+AC6+W6)/4,5))))) | V6: =IF(X6="","",IF(Z6<1,ROUND(X6,5),IF(AB6<1,ROUND((X6+Z6)/2,5),IF(AD6<1,ROUND((X6+Z6+AB6)/3,5),ROUND((X6+Z6+AB6+AD6)/4,5))))) | AE6: =IF(A6="","",A6) -> 26 | AF6: =IF(B6="","",B6) | AG6: =IF(C6="","",C6) -> o | AH6: =IF(D6="","",D6) -> 30 | AI6: =H6 -> 0.17 | AJ6: o | AM6: =IF(OR(AJ6="",AJ6="m"),AM5,IF(AH6<>"",AH6,"")) -> 30 | AN6: =IF(AJ6<>"",IF(AJ6="o",VLOOKUP(AM6,OpenSect!$A$1:$D$11,2),IF(AJ6="u",VLOOKUP(AM6,UpHill!$A$1:$D$35,2),IF(AJ6="d",VLOOKUP(AM6,DownHill!$A$3:$D$29,2),IF(AJ6="f",VLOOKUP(AM6,FlatUnd!$A$2:$D$30,2),IF(AJ6="t",VLOOKUP(AM6,TimeAdd!$A$1:$D$176,2),IF(AJ6="l",VLOOKUP(AM6,SLimit!$A$1:$D$8,2),AN5)))))),AN5) -> 30 | AO6: =IF(AJ6<>"",IF(AJ6="o",VLOOKUP(AM6,OpenSect!$A$1:$D$11,3),IF(AJ6="u",VLOOKUP(AM6,UpHill!$A$1:$D$35,3),IF(AJ6="d",VLOOKUP(AM6,DownHill!$A$3:$D$29,3),IF(AJ6="f",VLOOKUP(AM6,FlatUnd!$A$2:$D$30,3),IF(AJ6="t",VLOOKUP(AM6,TimeAdd!$A$1:$D$18,3),IF(AJ6="l",VLOOKUP(AM6,SLimit!$A$1:$D$8,3),AO5)))))),AO5) -> 30 | AP6: =IF(AJ6<>"",IF(AJ6="o",VLOOKUP(AM6,OpenSect!$A$1:$D$11,4),IF(AJ6="u",VLOOKUP(AM6,UpHill!$A$1:$D$35,4),IF(AJ6="d",VLOOKUP(AM6,DownHill!$A$3:$D$29,4),IF(AJ6="f",VLOOKUP(AM6,FlatUnd!$A$2:$D$30,4),IF(AJ6="t",VLOOKUP(AM6,TimeAdd!$A$1:$D$18,4),IF(AJ6="l",VLOOKUP(AM6,SLimit!$A$1:$D$8,4),AP5)))))),AP5) -> 30 | AQ6: =M6 -> 60 | AR6: =L6 -> Traffic Light Carry Straight On | AU6: =IF(GroupStTimes!$A$8=0,MIN(CB6,CD6,CF6),MIN(BZ6,CB6,CD6,CF6)) -> 0.25092593 | AV6: =IF(GroupStTimes!$A$8=0,MAX(CC6,CE6,CG6),MAX(CA6,CC6,CE6,CG6)) -> 0.31412037 | AW6: =IF(U6="","",CONCATENATE(FIXED(U6,5)," ",FIXED(V6,5))) | AX6: =IF(AJ6="m",ROUND(W6,5),"") | AY6: =IF(AJ6="m",ROUND(X6,5),"") | AZ6: =IF(AND(AM5=AM4,AN5=AN4,AO5=AO4,AP5=AP4,AJ6<>"t"),AZ5,IF(AJ6="t",AI6,AI5)) -> 0 | BA6: =IF(AND($AM5=$AM4,$AN5=AN4,$AO5=$AO4,$AP5=$AP4,$AJ6<>"t"),BA5,BZ5) -> 0.25069444 | BB6: =IF(AND($AM5=$AM4,$AN5=AN4,$AO5=$AO4,$AP5=$AP4,$AJ6<>"t"),BB5,CA5) -> 0.25625 | BC6: =IF(AND($AM5=$AM4,$AN5=AN4,$AO5=$AO4,$AP5=$AP4,$AJ6<>"t"),BC5,CB5) -> 0.25694444 | BD6: =IF(AND($AM5=$AM4,$AN5=AN4,$AO5=$AO4,$AP5=$AP4,$AJ6<>"t"),BD5,CC5) -> 0.30277778 | BE6: =IF(AND($AM5=$AM4,$AN5=AN4,$AO5=$AO4,$AP5=$AP4,$AJ6<>"t"),BE5,CD5) -> 0.30347222 | BF6: =IF(AND($AM5=$AM4,$AN5=AN4,$AO5=$AO4,$AP5=$AP4,$AJ6<>"t"),BF5,CE5) -> 0.31388889 | BG6: =IF(AND($AM5=$AM4,$AN5=AN4,$AO5=$AO4,$AP5=$AP4,$AJ6<>"t"),BG5,CF5) -> 0.31458333 | BH6: =IF(AND($AM5=$AM4,$AN5=AN4,$AO5=$AO4,$AP5=$AP4,$AJ6<>"t"),BH5,CG5) -> 0.31388889 | BI6: =AI6-AZ6 -> 0.17 | BJ6: =IF($AJ5="t",IF(AM4=0,0,$BI6/AM4),IF(AM5=0,0,$BI6/AM5)) -> 0.0056666667 | BK6: =IF($AJ5="t",IF(AN4=0,0,$BI6/AN4),IF(AN5=0,0,$BI6/AN5)) -> 0.0056666667 | BL6: =IF($AJ5="t",IF(AO4=0,0,$BI6/AO4),IF(AO5=0,0,$BI6/AO5)) -> 0.0056666667 | BM6: =IF($AJ5="t",IF(AP4=0,0,$BI6/AP4),IF(AP5=0,0,$BI6/AP5)) -> 0.0056666667 | BN6: =IF(AJ6="t",0,INT(BJ6)) -> 0 | BO6: =IF(AJ6="t",AM6,IF(INT((BJ6-BN6)*60)<0,1,INT((BJ6-BN6)*60))) -> 0 | BP6: =IF(AJ6="t",0,ROUND((((BJ6-BN6)*60)-BO6)*60,0)) -> 20 | BQ6: =IF(AJ6="t",0,INT(BK6)) -> 0 | BR6: =IF(AJ6="t",AN6,IF(INT((BK6-BQ6)*60)<0,1,INT((BK6-BQ6)*60))) -> 0 | BS6: =IF(AJ6="t",0,ROUND((((BK6-BQ6)*60)-BR6)*60,0)) -> 20 | BT6: =IF(AJ6="t",0,INT(BL6)) -> 0 | BU6: =IF(AJ6="t",AO6,IF(INT((BL6-BT6)*60)<0,1,INT((BL6-BT6)*60))) -> 0 | BV6: =IF(AJ6="t",0,ROUND((((BL6-BT6)*60)-BU6)*60,0)) -> 20 | BW6: =IF(AJ6="t",0,INT(BM6)) -> 0 | BX6: =IF(AJ6="t",AP6,IF(INT((BM6-BW6)*60)<0,1,INT((BM6-BW6)*60))) -> 0 | BY6: =IF(AJ6="t",0,ROUND((((BM6-BW6)*60)-BX6)*60,0)) -> 20 | BZ6: =BA6+TIME(BN6,BO6,BP6) -> 0.25092593 | CA6: =BB6+TIME(BN6,BO6,BP6) -> 0.25648148 | CB6: =BC6+TIME(BQ6,BR6,BS6) -> 0.25717593 | CC6: =BD6+TIME(BQ6,BR6,BS6) -> 0.30300926 | CD6: =BE6+TIME(BT6,BU6,BV6) -> 0.3037037 | CE6: =BF6+TIME(BT6,BU6,BV6) -> 0.31412037 | CF6: =BG6+TIME(BW6,BX6,BY6) -> 0.31481481 | CG6: =BH6+TIME(BW6,BX6,BY6) -> 0.31412037 | CL6: 60
A7: 26 | C7: o | D7: 30 | G7: 0.31 | H7: =ROUND(IF(G7="",N7,IF(P7="",I7,IF(R7="",(I7+(P7+O7))/2,IF(T7="",(I7+(P7+O7)+(R7+Q7))/3,(I7+(P7+O7)+(R7+Q7)+(T7+S7))/4)))),2) -> 0.32 | I7: 0.31 | J7: =IF(N7="","",IF((I7-$I$4)=0,0,((I7-$I$4-(N7-$N$4))/(I7-$I$4)))) -> -0.021505376 | K7: =(I7-$I$5)-(N7-$N$5) -> -0.0066666667 | L7: Traffic Light Carry Straight On | M7: 60 | N7: =IF(P7="",((I7-I6)+H6),IF(R7="",(P7+O7),IF(T7="",((P7+O7)+(R7+Q7))/2,((P7+O7)+(R7+Q7)+(T7+S7))/3))) -> 0.31666667 | P7: 0.32 | R7: 0.31 | T7: 0.32 | U7: =IF(W7="","",IF(Y7="",W7,IF(AA7<1,ROUND((Y7+W7)/2,5),IF(AC7<1,ROUND((Y7+AA7+W7)/3,5),ROUND((Y7+AA7+AC7+W7)/4,5))))) | V7: =IF(X7="","",IF(Z7<1,ROUND(X7,5),IF(AB7<1,ROUND((X7+Z7)/2,5),IF(AD7<1,ROUND((X7+Z7+AB7)/3,5),ROUND((X7+Z7+AB7+AD7)/4,5))))) | AE7: =IF(A7="","",A7) -> 26 | AF7: =IF(B7="","",B7) | AG7: =IF(C7="","",C7) -> o | AH7: =IF(D7="","",D7) -> 30 | AI7: =H7 -> 0.32 | AJ7: o | AM7: =IF(OR(AJ7="",AJ7="m"),AM6,IF(AH7<>"",AH7,"")) -> 30 | AN7: =IF(AJ7<>"",IF(AJ7="o",VLOOKUP(AM7,OpenSect!$A$1:$D$11,2),IF(AJ7="u",VLOOKUP(AM7,UpHill!$A$1:$D$35,2),IF(AJ7="d",VLOOKUP(AM7,DownHill!$A$3:$D$29,2),IF(AJ7="f",VLOOKUP(AM7,FlatUnd!$A$2:$D$30,2),IF(AJ7="t",VLOOKUP(AM7,TimeAdd!$A$1:$D$176,2),IF(AJ7="l",VLOOKUP(AM7,SLimit!$A$1:$D$8,2),AN6)))))),AN6) -> 30 | AO7: =IF(AJ7<>"",IF(AJ7="o",VLOOKUP(AM7,OpenSect!$A$1:$D$11,3),IF(AJ7="u",VLOOKUP(AM7,UpHill!$A$1:$D$35,3),IF(AJ7="d",VLOOKUP(AM7,DownHill!$A$3:$D$29,3),IF(AJ7="f",VLOOKUP(AM7,FlatUnd!$A$2:$D$30,3),IF(AJ7="t",VLOOKUP(AM7,TimeAdd!$A$1:$D$18,3),IF(AJ7="l",VLOOKUP(AM7,SLimit!$A$1:$D$8,3),AO6)))))),AO6) -> 30 | AP7: =IF(AJ7<>"",IF(AJ7="o",VLOOKUP(AM7,OpenSect!$A$1:$D$11,4),IF(AJ7="u",VLOOKUP(AM7,UpHill!$A$1:$D$35,4),IF(AJ7="d",VLOOKUP(AM7,DownHill!$A$3:$D$29,4),IF(AJ7="f",VLOOKUP(AM7,FlatUnd!$A$2:$D$30,4),IF(AJ7="t",VLOOKUP(AM7,TimeAdd!$A$1:$D$18,4),IF(AJ7="l",VLOOKUP(AM7,SLimit!$A$1:$D$8,4),AP6)))))),AP6) -> 30 | AQ7: =M7 -> 60 | AR7: =L7 -> Traffic Light Carry Straight On | AU7: =IF(GroupStTimes!$A$8=0,MIN(CB7,CD7,CF7),MIN(BZ7,CB7,CD7,CF7)) -> 0.25113426 | AV7: =IF(GroupStTimes!$A$8=0,MAX(CC7,CE7,CG7),MAX(CA7,CC7,CE7,CG7)) -> 0.3143287 | AW7: =IF(U7="","",CONCATENATE(FIXED(U7,5)," ",FIXED(V7,5))) | AX7: =IF(AJ7="m",ROUND(W7,5),"") | AY7: =IF(AJ7="m",ROUND(X7,5),"") | AZ7: =IF(AND(AM6=AM5,AN6=AN5,AO6=AO5,AP6=AP5,AJ7<>"t"),AZ6,IF(AJ7="t",AI7,AI6)) -> 0 | BA7: =IF(AND($AM6=$AM5,$AN6=AN5,$AO6=$AO5,$AP6=$AP5,$AJ7<>"t"),BA6,BZ6) -> 0.25069444 | BB7: =IF(AND($AM6=$AM5,$AN6=AN5,$AO6=$AO5,$AP6=$AP5,$AJ7<>"t"),BB6,CA6) -> 0.25625 | BC7: =IF(AND($AM6=$AM5,$AN6=AN5,$AO6=$AO5,$AP6=$AP5,$AJ7<>"t"),BC6,CB6) -> 0.25694444 | BD7: =IF(AND($AM6=$AM5,$AN6=AN5,$AO6=$AO5,$AP6=$AP5,$AJ7<>"t"),BD6,CC6) -> 0.30277778 | BE7: =IF(AND($AM6=$AM5,$AN6=AN5,$AO6=$AO5,$AP6=$AP5,$AJ7<>"t"),BE6,CD6) -> 0.30347222 | BF7: =IF(AND($AM6=$AM5,$AN6=AN5,$AO6=$AO5,$AP6=$AP5,$AJ7<>"t"),BF6,CE6) -> 0.31388889 | BG7: =IF(AND($AM6=$AM5,$AN6=AN5,$AO6=$AO5,$AP6=$AP5,$AJ7<>"t"),BG6,CF6) -> 0.31458333 | BH7: =IF(AND($AM6=$AM5,$AN6=AN5,$AO6=$AO5,$AP6=$AP5,$AJ7<>"t"),BH6,CG6) -> 0.31388889 | BI7: =AI7-AZ7 -> 0.32 | BJ7: =IF($AJ6="t",IF(AM5=0,0,$BI7/AM5),IF(AM6=0,0,$BI7/AM6)) -> 0.010666667 | BK7: =IF($AJ6="t",IF(AN5=0,0,$BI7/AN5),IF(AN6=0,0,$BI7/AN6)) -> 0.010666667 | BL7: =IF($AJ6="t",IF(AO5=0,0,$BI7/AO5),IF(AO6=0,0,$BI7/AO6)) -> 0.010666667 | BM7: =IF($AJ6="t",IF(AP5=0,0,$BI7/AP5),IF(AP6=0,0,$BI7/AP6)) -> 0.010666667 | BN7: =IF(AJ7="t",0,INT(BJ7)) -> 0 | BO7: =IF(AJ7="t",AM7,IF(INT((BJ7-BN7)*60)<0,1,INT((BJ7-BN7)*60))) -> 0 | BP7: =IF(AJ7="t",0,ROUND((((BJ7-BN7)*60)-BO7)*60,0)) -> 38 | BQ7: =IF(AJ7="t",0,INT(BK7)) -> 0 | BR7: =IF(AJ7="t",AN7,IF(INT((BK7-BQ7)*60)<0,1,INT((BK7-BQ7)*60))) -> 0 | BS7: =IF(AJ7="t",0,ROUND((((BK7-BQ7)*60)-BR7)*60,0)) -> 38 | BT7: =IF(AJ7="t",0,INT(BL7)) -> 0 | BU7: =IF(AJ7="t",AO7,IF(INT((BL7-BT7)*60)<0,1,INT((BL7-BT7)*60))) -> 0 | BV7: =IF(AJ7="t",0,ROUND((((BL7-BT7)*60)-BU7)*60,0)) -> 38 | BW7: =IF(AJ7="t",0,INT(BM7)) -> 0 | BX7: =IF(AJ7="t",AP7,IF(INT((BM7-BW7)*60)<0,1,INT((BM7-BW7)*60))) -> 0 | BY7: =IF(AJ7="t",0,ROUND((((BM7-BW7)*60)-BX7)*60,0)) -> 38 | BZ7: =BA7+TIME(BN7,BO7,BP7) -> 0.25113426 | CA7: =BB7+TIME(BN7,BO7,BP7) -> 0.25668981 | CB7: =BC7+TIME(BQ7,BR7,BS7) -> 0.25738426 | CC7: =BD7+TIME(BQ7,BR7,BS7) -> 0.30321759 | CD7: =BE7+TIME(BT7,BU7,BV7) -> 0.30391204 | CE7: =BF7+TIME(BT7,BU7,BV7) -> 0.3143287 | CF7: =BG7+TIME(BW7,BX7,BY7) -> 0.31502315 | CG7: =BH7+TIME(BW7,BX7,BY7) -> 0.3143287 | CL7: 60
A8: 26 | G8: 0.57 | H8: =ROUND(IF(G8="",N8,IF(P8="",I8,IF(R8="",(I8+(P8+O8))/2,IF(T8="",(I8+(P8+O8)+(R8+Q8))/3,(I8+(P8+O8)+(R8+Q8)+(T8+S8))/4)))),2) -> 0.57 | I8: 0.57 | J8: =IF(N8="","",IF((I8-$I$4)=0,0,((I8-$I$4-(N8-$N$4))/(I8-$I$4)))) -> 0 | K8: =(I8-$I$5)-(N8-$N$5) -> 0 | L8: R103. Bothas Hill 5 | M8: 60 | N8: =IF(P8="",((I8-I7)+H7),IF(R8="",(P8+O8),IF(T8="",((P8+O8)+(R8+Q8))/2,((P8+O8)+(R8+Q8)+(T8+S8))/3))) -> 0.57 | P8: 0.57 | R8: 0.57 | T8: 0.57 | U8: =IF(W8="","",IF(Y8="",W8,IF(AA8<1,ROUND((Y8+W8)/2,5),IF(AC8<1,ROUND((Y8+AA8+W8)/3,5),ROUND((Y8+AA8+AC8+W8)/4,5))))) | V8: =IF(X8="","",IF(Z8<1,ROUND(X8,5),IF(AB8<1,ROUND((X8+Z8)/2,5),IF(AD8<1,ROUND((X8+Z8+AB8)/3,5),ROUND((X8+Z8+AB8+AD8)/4,5))))) | AE8: =IF(A8="","",A8) -> 26 | AF8: =IF(B8="","",B8) | AG8: =IF(C8="","",C8) | AH8: =IF(D8="","",D8) | AI8: =H8 -> 0.57 | AM8: =IF(OR(AJ8="",AJ8="m"),AM7,IF(AH8<>"",AH8,"")) -> 30 | AN8: =IF(AJ8<>"",IF(AJ8="o",VLOOKUP(AM8,OpenSect!$A$1:$D$11,2),IF(AJ8="u",VLOOKUP(AM8,UpHill!$A$1:$D$35,2),IF(AJ8="d",VLOOKUP(AM8,DownHill!$A$3:$D$29,2),IF(AJ8="f",VLOOKUP(AM8,FlatUnd!$A$2:$D$30,2),IF(AJ8="t",VLOOKUP(AM8,TimeAdd!$A$1:$D$176,2),IF(AJ8="l",VLOOKUP(AM8,SLimit!$A$1:$D$8,2),AN7)))))),AN7) -> 30 | AO8: =IF(AJ8<>"",IF(AJ8="o",VLOOKUP(AM8,OpenSect!$A$1:$D$11,3),IF(AJ8="u",VLOOKUP(AM8,UpHill!$A$1:$D$35,3),IF(AJ8="d",VLOOKUP(AM8,DownHill!$A$3:$D$29,3),IF(AJ8="f",VLOOKUP(AM8,FlatUnd!$A$2:$D$30,3),IF(AJ8="t",VLOOKUP(AM8,TimeAdd!$A$1:$D$18,3),IF(AJ8="l",VLOOKUP(AM8,SLimit!$A$1:$D$8,3),AO7)))))),AO7) -> 30 | AP8: =IF(AJ8<>"",IF(AJ8="o",VLOOKUP(AM8,OpenSect!$A$1:$D$11,4),IF(AJ8="u",VLOOKUP(AM8,UpHill!$A$1:$D$35,4),IF(AJ8="d",VLOOKUP(AM8,DownHill!$A$3:$D$29,4),IF(AJ8="f",VLOOKUP(AM8,FlatUnd!$A$2:$D$30,4),IF(AJ8="t",VLOOKUP(AM8,TimeAdd!$A$1:$D$18,4),IF(AJ8="l",VLOOKUP(AM8,SLimit!$A$1:$D$8,4),AP7)))))),AP7) -> 30 | AQ8: =M8 -> 60 | AR8: =L8 -> R103. Bothas Hill 5 | AU8: =IF(GroupStTimes!$A$8=0,MIN(CB8,CD8,CF8),MIN(BZ8,CB8,CD8,CF8)) -> 0.25148148 | AV8: =IF(GroupStTimes!$A$8=0,MAX(CC8,CE8,CG8),MAX(CA8,CC8,CE8,CG8)) -> 0.31467593 | AW8: =IF(U8="","",CONCATENATE(FIXED(U8,5)," ",FIXED(V8,5))) | AX8: =IF(AJ8="m",ROUND(W8,5),"") | AY8: =IF(AJ8="m",ROUND(X8,5),"") | AZ8: =IF(AND(AM7=AM6,AN7=AN6,AO7=AO6,AP7=AP6,AJ8<>"t"),AZ7,IF(AJ8="t",AI8,AI7)) -> 0 | BA8: =IF(AND($AM7=$AM6,$AN7=AN6,$AO7=$AO6,$AP7=$AP6,$AJ8<>"t"),BA7,BZ7) -> 0.25069444 | BB8: =IF(AND($AM7=$AM6,$AN7=AN6,$AO7=$AO6,$AP7=$AP6,$AJ8<>"t"),BB7,CA7) -> 0.25625 | BC8: =IF(AND($AM7=$AM6,$AN7=AN6,$AO7=$AO6,$AP7=$AP6,$AJ8<>"t"),BC7,CB7) -> 0.25694444 | BD8: =IF(AND($AM7=$AM6,$AN7=AN6,$AO7=$AO6,$AP7=$AP6,$AJ8<>"t"),BD7,CC7) -> 0.30277778 | BE8: =IF(AND($AM7=$AM6,$AN7=AN6,$AO7=$AO6,$AP7=$AP6,$AJ8<>"t"),BE7,CD7) -> 0.30347222 | BF8: =IF(AND($AM7=$AM6,$AN7=AN6,$AO7=$AO6,$AP7=$AP6,$AJ8<>"t"),BF7,CE7) -> 0.31388889 | BG8: =IF(AND($AM7=$AM6,$AN7=AN6,$AO7=$AO6,$AP7=$AP6,$AJ8<>"t"),BG7,CF7) -> 0.31458333 | BH8: =IF(AND($AM7=$AM6,$AN7=AN6,$AO7=$AO6,$AP7=$AP6,$AJ8<>"t"),BH7,CG7) -> 0.31388889 | BI8: =AI8-AZ8 -> 0.57 | BJ8: =IF($AJ7="t",IF(AM6=0,0,$BI8/AM6),IF(AM7=0,0,$BI8/AM7)) -> 0.019 | BK8: =IF($AJ7="t",IF(AN6=0,0,$BI8/AN6),IF(AN7=0,0,$BI8/AN7)) -> 0.019 | BL8: =IF($AJ7="t",IF(AO6=0,0,$BI8/AO6),IF(AO7=0,0,$BI8/AO7)) -> 0.019 | BM8: =IF($AJ7="t",IF(AP6=0,0,$BI8/AP6),IF(AP7=0,0,$BI8/AP7)) -> 0.019 | BN8: =IF(AJ8="t",0,INT(BJ8)) -> 0 | BO8: =IF(AJ8="t",AM8,IF(INT((BJ8-BN8)*60)<0,1,INT((BJ8-BN8)*60))) -> 1 | BP8: =IF(AJ8="t",0,ROUND((((BJ8-BN8)*60)-BO8)*60,0)) -> 8 | BQ8: =IF(AJ8="t",0,INT(BK8)) -> 0 | BR8: =IF(AJ8="t",AN8,IF(INT((BK8-BQ8)*60)<0,1,INT((BK8-BQ8)*60))) -> 1 | BS8: =IF(AJ8="t",0,ROUND((((BK8-BQ8)*60)-BR8)*60,0)) -> 8 | BT8: =IF(AJ8="t",0,INT(BL8)) -> 0 | BU8: =IF(AJ8="t",AO8,IF(INT((BL8-BT8)*60)<0,1,INT((BL8-BT8)*60))) -> 1 | BV8: =IF(AJ8="t",0,ROUND((((BL8-BT8)*60)-BU8)*60,0)) -> 8 | BW8: =IF(AJ8="t",0,INT(BM8)) -> 0 | BX8: =IF(AJ8="t",AP8,IF(INT((BM8-BW8)*60)<0,1,INT((BM8-BW8)*60))) -> 1 | BY8: =IF(AJ8="t",0,ROUND((((BM8-BW8)*60)-BX8)*60,0)) -> 8 | BZ8: =BA8+TIME(BN8,BO8,BP8) -> 0.25148148 | CA8: =BB8+TIME(BN8,BO8,BP8) -> 0.25703704 | CB8: =BC8+TIME(BQ8,BR8,BS8) -> 0.25773148 | CC8: =BD8+TIME(BQ8,BR8,BS8) -> 0.30356481 | CD8: =BE8+TIME(BT8,BU8,BV8) -> 0.30425926 | CE8: =BF8+TIME(BT8,BU8,BV8) -> 0.31467593 | CF8: =BG8+TIME(BW8,BX8,BY8) -> 0.31537037 | CG8: =BH8+TIME(BW8,BX8,BY8) -> 0.31467593 | CL8: 60
A9: 26 | G9: 1.24 | H9: =ROUND(IF(G9="",N9,IF(P9="",I9,IF(R9="",(I9+(P9+O9))/2,IF(T9="",(I9+(P9+O9)+(R9+Q9))/3,(I9+(P9+O9)+(R9+Q9)+(T9+S9))/4)))),2) -> 1.24 | I9: 1.23 | J9: =IF(N9="","",IF((I9-$I$4)=0,0,((I9-$I$4-(N9-$N$4))/(I9-$I$4)))) -> -0.0054200542 | K9: =(I9-$I$5)-(N9-$N$5) -> -0.0066666667 | L9: Kassier Road {Right} Assegai (N3). [Toll] [Freeway] 32. | M9: 60 | N9: =IF(P9="",((I9-I8)+H8),IF(R9="",(P9+O9),IF(T9="",((P9+O9)+(R9+Q9))/2,((P9+O9)+(R9+Q9)+(T9+S9))/3))) -> 1.2366667 | P9: 1.23 | R9: 1.24 | T9: 1.24 | U9: =IF(W9="","",IF(Y9="",W9,IF(AA9<1,ROUND((Y9+W9)/2,5),IF(AC9<1,ROUND((Y9+AA9+W9)/3,5),ROUND((Y9+AA9+AC9+W9)/4,5))))) | V9: =IF(X9="","",IF(Z9<1,ROUND(X9,5),IF(AB9<1,ROUND((X9+Z9)/2,5),IF(AD9<1,ROUND((X9+Z9+AB9)/3,5),ROUND((X9+Z9+AB9+AD9)/4,5))))) | AE9: =IF(A9="","",A9) -> 26 | AF9: =IF(B9="","",B9) | AG9: =IF(C9="","",C9) | AH9: =IF(D9="","",D9) | AI9: =H9 -> 1.24 | AM9: =IF(OR(AJ9="",AJ9="m"),AM8,IF(AH9<>"",AH9,"")) -> 30 | AN9: =IF(AJ9<>"",IF(AJ9="o",VLOOKUP(AM9,OpenSect!$A$1:$D$11,2),IF(AJ9="u",VLOOKUP(AM9,UpHill!$A$1:$D$35,2),IF(AJ9="d",VLOOKUP(AM9,DownHill!$A$3:$D$29,2),IF(AJ9="f",VLOOKUP(AM9,FlatUnd!$A$2:$D$30,2),IF(AJ9="t",VLOOKUP(AM9,TimeAdd!$A$1:$D$176,2),IF(AJ9="l",VLOOKUP(AM9,SLimit!$A$1:$D$8,2),AN8)))))),AN8) -> 30 | AO9: =IF(AJ9<>"",IF(AJ9="o",VLOOKUP(AM9,OpenSect!$A$1:$D$11,3),IF(AJ9="u",VLOOKUP(AM9,UpHill!$A$1:$D$35,3),IF(AJ9="d",VLOOKUP(AM9,DownHill!$A$3:$D$29,3),IF(AJ9="f",VLOOKUP(AM9,FlatUnd!$A$2:$D$30,3),IF(AJ9="t",VLOOKUP(AM9,TimeAdd!$A$1:$D$18,3),IF(AJ9="l",VLOOKUP(AM9,SLimit!$A$1:$D$8,3),AO8)))))),AO8) -> 30 | AP9: =IF(AJ9<>"",IF(AJ9="o",VLOOKUP(AM9,OpenSect!$A$1:$D$11,4),IF(AJ9="u",VLOOKUP(AM9,UpHill!$A$1:$D$35,4),IF(AJ9="d",VLOOKUP(AM9,DownHill!$A$3:$D$29,4),IF(AJ9="f",VLOOKUP(AM9,FlatUnd!$A$2:$D$30,4),IF(AJ9="t",VLOOKUP(AM9,TimeAdd!$A$1:$D$18,4),IF(AJ9="l",VLOOKUP(AM9,SLimit!$A$1:$D$8,4),AP8)))))),AP8) -> 30 | AQ9: =M9 -> 60 | AR9: =L9 -> Kassier Road {Right} Assegai (N3). [Toll] [Freeway] 32. | AU9: =IF(GroupStTimes!$A$8=0,MIN(CB9,CD9,CF9),MIN(BZ9,CB9,CD9,CF9)) -> 0.25241898 | AV9: =IF(GroupStTimes!$A$8=0,MAX(CC9,CE9,CG9),MAX(CA9,CC9,CE9,CG9)) -> 0.31561343 | AW9: =IF(U9="","",CONCATENATE(FIXED(U9,5)," ",FIXED(V9,5))) | AX9: =IF(AJ9="m",ROUND(W9,5),"") | AY9: =IF(AJ9="m",ROUND(X9,5),"") | AZ9: =IF(AND(AM8=AM7,AN8=AN7,AO8=AO7,AP8=AP7,AJ9<>"t"),AZ8,IF(AJ9="t",AI9,AI8)) -> 0 | BA9: =IF(AND($AM8=$AM7,$AN8=AN7,$AO8=$AO7,$AP8=$AP7,$AJ9<>"t"),BA8,BZ8) -> 0.25069444 | BB9: =IF(AND($AM8=$AM7,$AN8=AN7,$AO8=$AO7,$AP8=$AP7,$AJ9<>"t"),BB8,CA8) -> 0.25625 | BC9: =IF(AND($AM8=$AM7,$AN8=AN7,$AO8=$AO7,$AP8=$AP7,$AJ9<>"t"),BC8,CB8) -> 0.25694444 | BD9: =IF(AND($AM8=$AM7,$AN8=AN7,$AO8=$AO7,$AP8=$AP7,$AJ9<>"t"),BD8,CC8) -> 0.30277778 | BE9: =IF(AND($AM8=$AM7,$AN8=AN7,$AO8=$AO7,$AP8=$AP7,$AJ9<>"t"),BE8,CD8) -> 0.30347222 | BF9: =IF(AND($AM8=$AM7,$AN8=AN7,$AO8=$AO7,$AP8=$AP7,$AJ9<>"t"),BF8,CE8) -> 0.31388889 | BG9: =IF(AND($AM8=$AM7,$AN8=AN7,$AO8=$AO7,$AP8=$AP7,$AJ9<>"t"),BG8,CF8) -> 0.31458333 | BH9: =IF(AND($AM8=$AM7,$AN8=AN7,$AO8=$AO7,$AP8=$AP7,$AJ9<>"t"),BH8,CG8) -> 0.31388889 | BI9: =AI9-AZ9 -> 1.24 | BJ9: =IF($AJ8="t",IF(AM7=0,0,$BI9/AM7),IF(AM8=0,0,$BI9/AM8)) -> 0.041333333 | BK9: =IF($AJ8="t",IF(AN7=0,0,$BI9/AN7),IF(AN8=0,0,$BI9/AN8)) -> 0.041333333 | BL9: =IF($AJ8="t",IF(AO7=0,0,$BI9/AO7),IF(AO8=0,0,$BI9/AO8)) -> 0.041333333 | BM9: =IF($AJ8="t",IF(AP7=0,0,$BI9/AP7),IF(AP8=0,0,$BI9/AP8)) -> 0.041333333 | BN9: =IF(AJ9="t",0,INT(BJ9)) -> 0 | BO9: =IF(AJ9="t",AM9,IF(INT((BJ9-BN9)*60)<0,1,INT((BJ9-BN9)*60))) -> 2 | BP9: =IF(AJ9="t",0,ROUND((((BJ9-BN9)*60)-BO9)*60,0)) -> 29 | BQ9: =IF(AJ9="t",0,INT(BK9)) -> 0 | BR9: =IF(AJ9="t",AN9,IF(INT((BK9-BQ9)*60)<0,1,INT((BK9-BQ9)*60))) -> 2 | BS9: =IF(AJ9="t",0,ROUND((((BK9-BQ9)*60)-BR9)*60,0)) -> 29 | BT9: =IF(AJ9="t",0,INT(BL9)) -> 0 | BU9: =IF(AJ9="t",AO9,IF(INT((BL9-BT9)*60)<0,1,INT((BL9-BT9)*60))) -> 2 | BV9: =IF(AJ9="t",0,ROUND((((BL9-BT9)*60)-BU9)*60,0)) -> 29 | BW9: =IF(AJ9="t",0,INT(BM9)) -> 0 | BX9: =IF(AJ9="t",AP9,IF(INT((BM9-BW9)*60)<0,1,INT((BM9-BW9)*60))) -> 2 | BY9: =IF(AJ9="t",0,ROUND((((BM9-BW9)*60)-BX9)*60,0)) -> 29 | BZ9: =BA9+TIME(BN9,BO9,BP9) -> 0.25241898 | CA9: =BB9+TIME(BN9,BO9,BP9) -> 0.25797454 | CB9: =BC9+TIME(BQ9,BR9,BS9) -> 0.25866898 | CC9: =BD9+TIME(BQ9,BR9,BS9) -> 0.30450231 | CD9: =BE9+TIME(BT9,BU9,BV9) -> 0.30519676 | CE9: =BF9+TIME(BT9,BU9,BV9) -> 0.31561343 | CF9: =BG9+TIME(BW9,BX9,BY9) -> 0.31630787 | CG9: =BH9+TIME(BW9,BX9,BY9) -> 0.31561343 | CL9: 60
A10: 26 | C10: l | D10: 30 | G10: 1.25 | H10: =ROUND(IF(G10="",N10,IF(P10="",I10,IF(R10="",(I10+(P10+O10))/2,IF(T10="",(I10+(P10+O10)+(R10+Q10))/3,(I10+(P10+O10)+(R10+Q10)+(T10+S10))/4)))),2) -> 1.25 | I10: 1.25 | J10: =IF(N10="","",IF((I10-$I$4)=0,0,((I10-$I$4-(N10-$N$4))/(I10-$I$4)))) -> 0.0026666667 | K10: =(I10-$I$5)-(N10-$N$5) -> 0.0033333333 | L10: R103 Bothas Hill | M10: 60 | N10: =IF(P10="",((I10-I9)+H9),IF(R10="",(P10+O10),IF(T10="",((P10+O10)+(R10+Q10))/2,((P10+O10)+(R10+Q10)+(T10+S10))/3))) -> 1.2466667 | P10: 1.24 | R10: 1.25 | T10: 1.25 | U10: =IF(W10="","",IF(Y10="",W10,IF(AA10<1,ROUND((Y10+W10)/2,5),IF(AC10<1,ROUND((Y10+AA10+W10)/3,5),ROUND((Y10+AA10+AC10+W10)/4,5))))) | V10: =IF(X10="","",IF(Z10<1,ROUND(X10,5),IF(AB10<1,ROUND((X10+Z10)/2,5),IF(AD10<1,ROUND((X10+Z10+AB10)/3,5),ROUND((X10+Z10+AB10+AD10)/4,5))))) | AE10: =IF(A10="","",A10) -> 26 | AF10: =IF(B10="","",B10) | AG10: =IF(C10="","",C10) -> l | AH10: =IF(D10="","",D10) -> 30 | AI10: =H10 -> 1.25 | AJ10: o | AM10: =IF(OR(AJ10="",AJ10="m"),AM9,IF(AH10<>"",AH10,"")) -> 30 | AN10: =IF(AJ10<>"",IF(AJ10="o",VLOOKUP(AM10,OpenSect!$A$1:$D$11,2),IF(AJ10="u",VLOOKUP(AM10,UpHill!$A$1:$D$35,2),IF(AJ10="d",VLOOKUP(AM10,DownHill!$A$3:$D$29,2),IF(AJ10="f",VLOOKUP(AM10,FlatUnd!$A$2:$D$30,2),IF(AJ10="t",VLOOKUP(AM10,TimeAdd!$A$1:$D$176,2),IF(AJ10="l",VLOOKUP(AM10,SLimit!$A$1:$D$8,2),AN9)))))),AN9) -> 30 | AO10: =IF(AJ10<>"",IF(AJ10="o",VLOOKUP(AM10,OpenSect!$A$1:$D$11,3),IF(AJ10="u",VLOOKUP(AM10,UpHill!$A$1:$D$35,3),IF(AJ10="d",VLOOKUP(AM10,DownHill!$A$3:$D$29,3),IF(AJ10="f",VLOOKUP(AM10,FlatUnd!$A$2:$D$30,3),IF(AJ10="t",VLOOKUP(AM10,TimeAdd!$A$1:$D$18,3),IF(AJ10="l",VLOOKUP(AM10,SLimit!$A$1:$D$8,3),AO9)))))),AO9) -> 30 | AP10: =IF(AJ10<>"",IF(AJ10="o",VLOOKUP(AM10,OpenSect!$A$1:$D$11,4),IF(AJ10="u",VLOOKUP(AM10,UpHill!$A$1:$D$35,4),IF(AJ10="d",VLOOKUP(AM10,DownHill!$A$3:$D$29,4),IF(AJ10="f",VLOOKUP(AM10,FlatUnd!$A$2:$D$30,4),IF(AJ10="t",VLOOKUP(AM10,TimeAdd!$A$1:$D$18,4),IF(AJ10="l",VLOOKUP(AM10,SLimit!$A$1:$D$8,4),AP9)))))),AP9) -> 30 | AQ10: =M10 -> 60 | AR10: =L10 -> R103 Bothas Hill | AU10: =IF(GroupStTimes!$A$8=0,MIN(CB10,CD10,CF10),MIN(BZ10,CB10,CD10,CF10)) -> 0.25243056 | AV10: =IF(GroupStTimes!$A$8=0,MAX(CC10,CE10,CG10),MAX(CA10,CC10,CE10,CG10)) -> 0.315625 | AW10: =IF(U10="","",CONCATENATE(FIXED(U10,5)," ",FIXED(V10,5))) | AX10: =IF(AJ10="m",ROUND(W10,5),"") | AY10: =IF(AJ10="m",ROUND(X10,5),"") | AZ10: =IF(AND(AM9=AM8,AN9=AN8,AO9=AO8,AP9=AP8,AJ10<>"t"),AZ9,IF(AJ10="t",AI10,AI9)) -> 0 | BA10: =IF(AND($AM9=$AM8,$AN9=AN8,$AO9=$AO8,$AP9=$AP8,$AJ10<>"t"),BA9,BZ9) -> 0.25069444 | BB10: =IF(AND($AM9=$AM8,$AN9=AN8,$AO9=$AO8,$AP9=$AP8,$AJ10<>"t"),BB9,CA9) -> 0.25625 | BC10: =IF(AND($AM9=$AM8,$AN9=AN8,$AO9=$AO8,$AP9=$AP8,$AJ10<>"t"),BC9,CB9) -> 0.25694444 | BD10: =IF(AND($AM9=$AM8,$AN9=AN8,$AO9=$AO8,$AP9=$AP8,$AJ10<>"t"),BD9,CC9) -> 0.30277778 | BE10: =IF(AND($AM9=$AM8,$AN9=AN8,$AO9=$AO8,$AP9=$AP8,$AJ10<>"t"),BE9,CD9) -> 0.30347222 | BF10: =IF(AND($AM9=$AM8,$AN9=AN8,$AO9=$AO8,$AP9=$AP8,$AJ10<>"t"),BF9,CE9) -> 0.31388889 | BG10: =IF(AND($AM9=$AM8,$AN9=AN8,$AO9=$AO8,$AP9=$AP8,$AJ10<>"t"),BG9,CF9) -> 0.31458333 | BH10: =IF(AND($AM9=$AM8,$AN9=AN8,$AO9=$AO8,$AP9=$AP8,$AJ10<>"t"),BH9,CG9) -> 0.31388889 | BI10: =AI10-AZ10 -> 1.25 | BJ10: =IF($AJ9="t",IF(AM8=0,0,$BI10/AM8),IF(AM9=0,0,$BI10/AM9)) -> 0.041666667 | BK10: =IF($AJ9="t",IF(AN8=0,0,$BI10/AN8),IF(AN9=0,0,$BI10/AN9)) -> 0.041666667 | BL10: =IF($AJ9="t",IF(AO8=0,0,$BI10/AO8),IF(AO9=0,0,$BI10/AO9)) -> 0.041666667 | BM10: =IF($AJ9="t",IF(AP8=0,0,$BI10/AP8),IF(AP9=0,0,$BI10/AP9)) -> 0.041666667 | BN10: =IF(AJ10="t",0,INT(BJ10)) -> 0 | BO10: =IF(AJ10="t",AM10,IF(INT((BJ10-BN10)*60)<0,1,INT((BJ10-BN10)*60))) -> 2 | BP10: =IF(AJ10="t",0,ROUND((((BJ10-BN10)*60)-BO10)*60,0)) -> 30 | BQ10: =IF(AJ10="t",0,INT(BK10)) -> 0 | BR10: =IF(AJ10="t",AN10,IF(INT((BK10-BQ10)*60)<0,1,INT((BK10-BQ10)*60))) -> 2 | BS10: =IF(AJ10="t",0,ROUND((((BK10-BQ10)*60)-BR10)*60,0)) -> 30 | BT10: =IF(AJ10="t",0,INT(BL10)) -> 0 | BU10: =IF(AJ10="t",AO10,IF(INT((BL10-BT10)*60)<0,1,INT((BL10-BT10)*60))) -> 2 | BV10: =IF(AJ10="t",0,ROUND((((BL10-BT10)*60)-BU10)*60,0)) -> 30 | BW10: =IF(AJ10="t",0,INT(BM10)) -> 0 | BX10: =IF(AJ10="t",AP10,IF(INT((BM10-BW10)*60)<0,1,INT((BM10-BW10)*60))) -> 2 | BY10: =IF(AJ10="t",0,ROUND((((BM10-BW10)*60)-BX10)*60,0)) -> 30 | BZ10: =BA10+TIME(BN10,BO10,BP10) -> 0.25243056 | CA10: =BB10+TIME(BN10,BO10,BP10) -> 0.25798611 | CB10: =BC10+TIME(BQ10,BR10,BS10) -> 0.25868056 | CC10: =BD10+TIME(BQ10,BR10,BS10) -> 0.30451389 | CD10: =BE10+TIME(BT10,BU10,BV10) -> 0.30520833 | CE10: =BF10+TIME(BT10,BU10,BV10) -> 0.315625 | CF10: =BG10+TIME(BW10,BX10,BY10) -> 0.31631944 | CG10: =BH10+TIME(BW10,BX10,BY10) -> 0.315625 | CL10: 60
A11: 26 | C11: o | D11: 30 | G11: 1.4 | H11: =ROUND(IF(G11="",N11,IF(P11="",I11,IF(R11="",(I11+(P11+O11))/2,IF(T11="",(I11+(P11+O11)+(R11+Q11))/3,(I11+(P11+O11)+(R11+Q11)+(T11+S11))/4)))),2) -> 1.4 | I11: 1.4 | J11: =IF(N11="","",IF((I11-$I$4)=0,0,((I11-$I$4-(N11-$N$4))/(I11-$I$4)))) -> -0.0023809524 | K11: =(I11-$I$5)-(N11-$N$5) -> -0.0033333333 | L11: Traffic Light Carry Straight On.{ 0km Stone} Stay on Old Main road. Be careful of bad road surface. | M11: 60 | N11: =IF(P11="",((I11-I10)+H10),IF(R11="",(P11+O11),IF(T11="",((P11+O11)+(R11+Q11))/2,((P11+O11)+(R11+Q11)+(T11+S11))/3))) -> 1.4033333 | P11: 1.4 | R11: 1.4 | T11: 1.41 | U11: =IF(W11="","",IF(Y11="",W11,IF(AA11<1,ROUND((Y11+W11)/2,5),IF(AC11<1,ROUND((Y11+AA11+W11)/3,5),ROUND((Y11+AA11+AC11+W11)/4,5))))) | V11: =IF(X11="","",IF(Z11<1,ROUND(X11,5),IF(AB11<1,ROUND((X11+Z11)/2,5),IF(AD11<1,ROUND((X11+Z11+AB11)/3,5),ROUND((X11+Z11+AB11+AD11)/4,5))))) | AE11: =IF(A11="","",A11) -> 26 | AF11: =IF(B11="","",B11) | AG11: =IF(C11="","",C11) -> o | AH11: =IF(D11="","",D11) -> 30 | AI11: =H11 -> 1.4 | AJ11: o | AM11: =IF(OR(AJ11="",AJ11="m"),AM10,IF(AH11<>"",AH11,"")) -> 30 | AN11: =IF(AJ11<>"",IF(AJ11="o",VLOOKUP(AM11,OpenSect!$A$1:$D$11,2),IF(AJ11="u",VLOOKUP(AM11,UpHill!$A$1:$D$35,2),IF(AJ11="d",VLOOKUP(AM11,DownHill!$A$3:$D$29,2),IF(AJ11="f",VLOOKUP(AM11,FlatUnd!$A$2:$D$30,2),IF(AJ11="t",VLOOKUP(AM11,TimeAdd!$A$1:$D$176,2),IF(AJ11="l",VLOOKUP(AM11,SLimit!$A$1:$D$8,2),AN10)))))),AN10) -> 30 | AO11: =IF(AJ11<>"",IF(AJ11="o",VLOOKUP(AM11,OpenSect!$A$1:$D$11,3),IF(AJ11="u",VLOOKUP(AM11,UpHill!$A$1:$D$35,3),IF(AJ11="d",VLOOKUP(AM11,DownHill!$A$3:$D$29,3),IF(AJ11="f",VLOOKUP(AM11,FlatUnd!$A$2:$D$30,3),IF(AJ11="t",VLOOKUP(AM11,TimeAdd!$A$1:$D$18,3),IF(AJ11="l",VLOOKUP(AM11,SLimit!$A$1:$D$8,3),AO10)))))),AO10) -> 30 | AP11: =IF(AJ11<>"",IF(AJ11="o",VLOOKUP(AM11,OpenSect!$A$1:$D$11,4),IF(AJ11="u",VLOOKUP(AM11,UpHill!$A$1:$D$35,4),IF(AJ11="d",VLOOKUP(AM11,DownHill!$A$3:$D$29,4),IF(AJ11="f",VLOOKUP(AM11,FlatUnd!$A$2:$D$30,4),IF(AJ11="t",VLOOKUP(AM11,TimeAdd!$A$1:$D$18,4),IF(AJ11="l",VLOOKUP(AM11,SLimit!$A$1:$D$8,4),AP10)))))),AP10) -> 30 | AQ11: =M11 -> 60 | AR11: =L11 -> Traffic Light Carry Straight On.{ 0km Stone} Stay on Old Main road. Be careful of bad road surface. | AU11: =IF(GroupStTimes!$A$8=0,MIN(CB11,CD11,CF11),MIN(BZ11,CB11,CD11,CF11)) -> 0.25263889 | AV11: =IF(GroupStTimes!$A$8=0,MAX(CC11,CE11,CG11),MAX(CA11,CC11,CE11,CG11)) -> 0.31583333 | AW11: =IF(U11="","",CONCATENATE(FIXED(U11,5)," ",FIXED(V11,5))) | AX11: =IF(AJ11="m",ROUND(W11,5),"") | AY11: =IF(AJ11="m",ROUND(X11,5),"") | AZ11: =IF(AND(AM10=AM9,AN10=AN9,AO10=AO9,AP10=AP9,AJ11<>"t"),AZ10,IF(AJ11="t",AI11,AI10)) -> 0 | BA11: =IF(AND($AM10=$AM9,$AN10=AN9,$AO10=$AO9,$AP10=$AP9,$AJ11<>"t"),BA10,BZ10) -> 0.25069444 | BB11: =IF(AND($AM10=$AM9,$AN10=AN9,$AO10=$AO9,$AP10=$AP9,$AJ11<>"t"),BB10,CA10) -> 0.25625 | BC11: =IF(AND($AM10=$AM9,$AN10=AN9,$AO10=$AO9,$AP10=$AP9,$AJ11<>"t"),BC10,CB10) -> 0.25694444 | BD11: =IF(AND($AM10=$AM9,$AN10=AN9,$AO10=$AO9,$AP10=$AP9,$AJ11<>"t"),BD10,CC10) -> 0.30277778 | BE11: =IF(AND($AM10=$AM9,$AN10=AN9,$AO10=$AO9,$AP10=$AP9,$AJ11<>"t"),BE10,CD10) -> 0.30347222 | BF11: =IF(AND($AM10=$AM9,$AN10=AN9,$AO10=$AO9,$AP10=$AP9,$AJ11<>"t"),BF10,CE10) -> 0.31388889 | BG11: =IF(AND($AM10=$AM9,$AN10=AN9,$AO10=$AO9,$AP10=$AP9,$AJ11<>"t"),BG10,CF10) -> 0.31458333 | BH11: =IF(AND($AM10=$AM9,$AN10=AN9,$AO10=$AO9,$AP10=$AP9,$AJ11<>"t"),BH10,CG10) -> 0.31388889 | BI11: =AI11-AZ11 -> 1.4 | BJ11: =IF($AJ10="t",IF(AM9=0,0,$BI11/AM9),IF(AM10=0,0,$BI11/AM10)) -> 0.046666667 | BK11: =IF($AJ10="t",IF(AN9=0,0,$BI11/AN9),IF(AN10=0,0,$BI11/AN10)) -> 0.046666667 | BL11: =IF($AJ10="t",IF(AO9=0,0,$BI11/AO9),IF(AO10=0,0,$BI11/AO10)) -> 0.046666667 | BM11: =IF($AJ10="t",IF(AP9=0,0,$BI11/AP9),IF(AP10=0,0,$BI11/AP10)) -> 0.046666667 | BN11: =IF(AJ11="t",0,INT(BJ11)) -> 0 | BO11: =IF(AJ11="t",AM11,IF(INT((BJ11-BN11)*60)<0,1,INT((BJ11-BN11)*60))) -> 2 | BP11: =IF(AJ11="t",0,ROUND((((BJ11-BN11)*60)-BO11)*60,0)) -> 48 | BQ11: =IF(AJ11="t",0,INT(BK11)) -> 0 | BR11: =IF(AJ11="t",AN11,IF(INT((BK11-BQ11)*60)<0,1,INT((BK11-BQ11)*60))) -> 2 | BS11: =IF(AJ11="t",0,ROUND((((BK11-BQ11)*60)-BR11)*60,0)) -> 48 | BT11: =IF(AJ11="t",0,INT(BL11)) -> 0 | BU11: =IF(AJ11="t",AO11,IF(INT((BL11-BT11)*60)<0,1,INT((BL11-BT11)*60))) -> 2 | BV11: =IF(AJ11="t",0,ROUND((((BL11-BT11)*60)-BU11)*60,0)) -> 48 | BW11: =IF(AJ11="t",0,INT(BM11)) -> 0 | BX11: =IF(AJ11="t",AP11,IF(INT((BM11-BW11)*60)<0,1,INT((BM11-BW11)*60))) -> 2 | BY11: =IF(AJ11="t",0,ROUND((((BM11-BW11)*60)-BX11)*60,0)) -> 48 | BZ11: =BA11+TIME(BN11,BO11,BP11) -> 0.25263889 | CA11: =BB11+TIME(BN11,BO11,BP11) -> 0.25819444 | CB11: =BC11+TIME(BQ11,BR11,BS11) -> 0.25888889 | CC11: =BD11+TIME(BQ11,BR11,BS11) -> 0.30472222 | CD11: =BE11+TIME(BT11,BU11,BV11) -> 0.30541667 | CE11: =BF11+TIME(BT11,BU11,BV11) -> 0.31583333 | CF11: =BG11+TIME(BW11,BX11,BY11) -> 0.31652778 | CG11: =BH11+TIME(BW11,BX11,BY11) -> 0.31583333 | CL11: 60
A12: 26 | G12: 1.62 | H12: =ROUND(IF(G12="",N12,IF(P12="",I12,IF(R12="",(I12+(P12+O12))/2,IF(T12="",(I12+(P12+O12)+(R12+Q12))/3,(I12+(P12+O12)+(R12+Q12)+(T12+S12))/4)))),2) -> 1.62 | I12: 1.62 | J12: =IF(N12="","",IF((I12-$I$4)=0,0,((I12-$I$4-(N12-$N$4))/(I12-$I$4)))) -> -0.0020576132 | K12: =(I12-$I$5)-(N12-$N$5) -> -0.0033333333 | L12: 60 Speed limit | M12: 60 | N12: =IF(P12="",((I12-I11)+H11),IF(R12="",(P12+O12),IF(T12="",((P12+O12)+(R12+Q12))/2,((P12+O12)+(R12+Q12)+(T12+S12))/3))) -> 1.6233333 | P12: 1.62 | R12: 1.62 | T12: 1.63 | U12: =IF(W12="","",IF(Y12="",W12,IF(AA12<1,ROUND((Y12+W12)/2,5),IF(AC12<1,ROUND((Y12+AA12+W12)/3,5),ROUND((Y12+AA12+AC12+W12)/4,5))))) | V12: =IF(X12="","",IF(Z12<1,ROUND(X12,5),IF(AB12<1,ROUND((X12+Z12)/2,5),IF(AD12<1,ROUND((X12+Z12+AB12)/3,5),ROUND((X12+Z12+AB12+AD12)/4,5))))) | AE12: =IF(A12="","",A12) -> 26 | AF12: =IF(B12="","",B12) | AG12: =IF(C12="","",C12) | AH12: =IF(D12="","",D12) | AI12: =H12 -> 1.62 | AM12: =IF(OR(AJ12="",AJ12="m"),AM11,IF(AH12<>"",AH12,"")) -> 30 | AN12: =IF(AJ12<>"",IF(AJ12="o",VLOOKUP(AM12,OpenSect!$A$1:$D$11,2),IF(AJ12="u",VLOOKUP(AM12,UpHill!$A$1:$D$35,2),IF(AJ12="d",VLOOKUP(AM12,DownHill!$A$3:$D$29,2),IF(AJ12="f",VLOOKUP(AM12,FlatUnd!$A$2:$D$30,2),IF(AJ12="t",VLOOKUP(AM12,TimeAdd!$A$1:$D$176,2),IF(AJ12="l",VLOOKUP(AM12,SLimit!$A$1:$D$8,2),AN11)))))),AN11) -> 30 | AO12: =IF(AJ12<>"",IF(AJ12="o",VLOOKUP(AM12,OpenSect!$A$1:$D$11,3),IF(AJ12="u",VLOOKUP(AM12,UpHill!$A$1:$D$35,3),IF(AJ12="d",VLOOKUP(AM12,DownHill!$A$3:$D$29,3),IF(AJ12="f",VLOOKUP(AM12,FlatUnd!$A$2:$D$30,3),IF(AJ12="t",VLOOKUP(AM12,TimeAdd!$A$1:$D$18,3),IF(AJ12="l",VLOOKUP(AM12,SLimit!$A$1:$D$8,3),AO11)))))),AO11) -> 30 | AP12: =IF(AJ12<>"",IF(AJ12="o",VLOOKUP(AM12,OpenSect!$A$1:$D$11,4),IF(AJ12="u",VLOOKUP(AM12,UpHill!$A$1:$D$35,4),IF(AJ12="d",VLOOKUP(AM12,DownHill!$A$3:$D$29,4),IF(AJ12="f",VLOOKUP(AM12,FlatUnd!$A$2:$D$30,4),IF(AJ12="t",VLOOKUP(AM12,TimeAdd!$A$1:$D$18,4),IF(AJ12="l",VLOOKUP(AM12,SLimit!$A$1:$D$8,4),AP11)))))),AP11) -> 30 | AQ12: =M12 -> 60 | AR12: =L12 -> 60 Speed limit | AU12: =IF(GroupStTimes!$A$8=0,MIN(CB12,CD12,CF12),MIN(BZ12,CB12,CD12,CF12)) -> 0.25293981 | AV12: =IF(GroupStTimes!$A$8=0,MAX(CC12,CE12,CG12),MAX(CA12,CC12,CE12,CG12)) -> 0.31613426 | AW12: =IF(U12="","",CONCATENATE(FIXED(U12,5)," ",FIXED(V12,5))) | AX12: =IF(AJ12="m",ROUND(W12,5),"") | AY12: =IF(AJ12="m",ROUND(X12,5),"") | AZ12: =IF(AND(AM11=AM10,AN11=AN10,AO11=AO10,AP11=AP10,AJ12<>"t"),AZ11,IF(AJ12="t",AI12,AI11)) -> 0 | BA12: =IF(AND($AM11=$AM10,$AN11=AN10,$AO11=$AO10,$AP11=$AP10,$AJ12<>"t"),BA11,BZ11) -> 0.25069444 | BB12: =IF(AND($AM11=$AM10,$AN11=AN10,$AO11=$AO10,$AP11=$AP10,$AJ12<>"t"),BB11,CA11) -> 0.25625 | BC12: =IF(AND($AM11=$AM10,$AN11=AN10,$AO11=$AO10,$AP11=$AP10,$AJ12<>"t"),BC11,CB11) -> 0.25694444 | BD12: =IF(AND($AM11=$AM10,$AN11=AN10,$AO11=$AO10,$AP11=$AP10,$AJ12<>"t"),BD11,CC11) -> 0.30277778 | BE12: =IF(AND($AM11=$AM10,$AN11=AN10,$AO11=$AO10,$AP11=$AP10,$AJ12<>"t"),BE11,CD11) -> 0.30347222 | BF12: =IF(AND($AM11=$AM10,$AN11=AN10,$AO11=$AO10,$AP11=$AP10,$AJ12<>"t"),BF11,CE11) -> 0.31388889 | BG12: =IF(AND($AM11=$AM10,$AN11=AN10,$AO11=$AO10,$AP11=$AP10,$AJ12<>"t"),BG11,CF11) -> 0.31458333 | BH12: =IF(AND($AM11=$AM10,$AN11=AN10,$AO11=$AO10,$AP11=$AP10,$AJ12<>"t"),BH11,CG11) -> 0.31388889 | BI12: =AI12-AZ12 -> 1.62 | BJ12: =IF($AJ11="t",IF(AM10=0,0,$BI12/AM10),IF(AM11=0,0,$BI12/AM11)) -> 0.054 | BK12: =IF($AJ11="t",IF(AN10=0,0,$BI12/AN10),IF(AN11=0,0,$BI12/AN11)) -> 0.054 | BL12: =IF($AJ11="t",IF(AO10=0,0,$BI12/AO10),IF(AO11=0,0,$BI12/AO11)) -> 0.054 | BM12: =IF($AJ11="t",IF(AP10=0,0,$BI12/AP10),IF(AP11=0,0,$BI12/AP11)) -> 0.054 | BN12: =IF(AJ12="t",0,INT(BJ12)) -> 0 | BO12: =IF(AJ12="t",AM12,IF(INT((BJ12-BN12)*60)<0,1,INT((BJ12-BN12)*60))) -> 3 | BP12: =IF(AJ12="t",0,ROUND((((BJ12-BN12)*60)-BO12)*60,0)) -> 14 | BQ12: =IF(AJ12="t",0,INT(BK12)) -> 0 | BR12: =IF(AJ12="t",AN12,IF(INT((BK12-BQ12)*60)<0,1,INT((BK12-BQ12)*60))) -> 3 | BS12: =IF(AJ12="t",0,ROUND((((BK12-BQ12)*60)-BR12)*60,0)) -> 14 | BT12: =IF(AJ12="t",0,INT(BL12)) -> 0 | BU12: =IF(AJ12="t",AO12,IF(INT((BL12-BT12)*60)<0,1,INT((BL12-BT12)*60))) -> 3 | BV12: =IF(AJ12="t",0,ROUND((((BL12-BT12)*60)-BU12)*60,0)) -> 14 | BW12: =IF(AJ12="t",0,INT(BM12)) -> 0 | BX12: =IF(AJ12="t",AP12,IF(INT((BM12-BW12)*60)<0,1,INT((BM12-BW12)*60))) -> 3 | BY12: =IF(AJ12="t",0,ROUND((((BM12-BW12)*60)-BX12)*60,0)) -> 14 | BZ12: =BA12+TIME(BN12,BO12,BP12) -> 0.25293981 | CA12: =BB12+TIME(BN12,BO12,BP12) -> 0.25849537 | CB12: =BC12+TIME(BQ12,BR12,BS12) -> 0.25918981 | CC12: =BD12+TIME(BQ12,BR12,BS12) -> 0.30502315 | CD12: =BE12+TIME(BT12,BU12,BV12) -> 0.30571759 | CE12: =BF12+TIME(BT12,BU12,BV12) -> 0.31613426 | CF12: =BG12+TIME(BW12,BX12,BY12) -> 0.3168287 | CG12: =BH12+TIME(BW12,BX12,BY12) -> 0.31613426 | CL12: 60
A13: 26 | G13: 1.65 | H13: =ROUND(IF(G13="",N13,IF(P13="",I13,IF(R13="",(I13+(P13+O13))/2,IF(T13="",(I13+(P13+O13)+(R13+Q13))/3,(I13+(P13+O13)+(R13+Q13)+(T13+S13))/4)))),2) -> 1.65 | I13: 1.65 | J13: =IF(N13="","",IF((I13-$I$4)=0,0,((I13-$I$4-(N13-$N$4))/(I13-$I$4)))) -> -0.002020202 | K13: =(I13-$I$5)-(N13-$N$5) -> -0.0033333333 | L13: R103 Bothas Hill 4 | M13: 60 | N13: =IF(P13="",((I13-I12)+H12),IF(R13="",(P13+O13),IF(T13="",((P13+O13)+(R13+Q13))/2,((P13+O13)+(R13+Q13)+(T13+S13))/3))) -> 1.6533333 | P13: 1.65 | R13: 1.65 | T13: 1.66 | U13: =IF(W13="","",IF(Y13="",W13,IF(AA13<1,ROUND((Y13+W13)/2,5),IF(AC13<1,ROUND((Y13+AA13+W13)/3,5),ROUND((Y13+AA13+AC13+W13)/4,5))))) | V13: =IF(X13="","",IF(Z13<1,ROUND(X13,5),IF(AB13<1,ROUND((X13+Z13)/2,5),IF(AD13<1,ROUND((X13+Z13+AB13)/3,5),ROUND((X13+Z13+AB13+AD13)/4,5))))) | AE13: =IF(A13="","",A13) -> 26 | AF13: =IF(B13="","",B13) | AG13: =IF(C13="","",C13) | AH13: =IF(D13="","",D13) | AI13: =H13 -> 1.65 | AM13: =IF(OR(AJ13="",AJ13="m"),AM12,IF(AH13<>"",AH13,"")) -> 30 | AN13: =IF(AJ13<>"",IF(AJ13="o",VLOOKUP(AM13,OpenSect!$A$1:$D$11,2),IF(AJ13="u",VLOOKUP(AM13,UpHill!$A$1:$D$35,2),IF(AJ13="d",VLOOKUP(AM13,DownHill!$A$3:$D$29,2),IF(AJ13="f",VLOOKUP(AM13,FlatUnd!$A$2:$D$30,2),IF(AJ13="t",VLOOKUP(AM13,TimeAdd!$A$1:$D$176,2),IF(AJ13="l",VLOOKUP(AM13,SLimit!$A$1:$D$8,2),AN12)))))),AN12) -> 30 | AO13: =IF(AJ13<>"",IF(AJ13="o",VLOOKUP(AM13,OpenSect!$A$1:$D$11,3),IF(AJ13="u",VLOOKUP(AM13,UpHill!$A$1:$D$35,3),IF(AJ13="d",VLOOKUP(AM13,DownHill!$A$3:$D$29,3),IF(AJ13="f",VLOOKUP(AM13,FlatUnd!$A$2:$D$30,3),IF(AJ13="t",VLOOKUP(AM13,TimeAdd!$A$1:$D$18,3),IF(AJ13="l",VLOOKUP(AM13,SLimit!$A$1:$D$8,3),AO12)))))),AO12) -> 30 | AP13: =IF(AJ13<>"",IF(AJ13="o",VLOOKUP(AM13,OpenSect!$A$1:$D$11,4),IF(AJ13="u",VLOOKUP(AM13,UpHill!$A$1:$D$35,4),IF(AJ13="d",VLOOKUP(AM13,DownHill!$A$3:$D$29,4),IF(AJ13="f",VLOOKUP(AM13,FlatUnd!$A$2:$D$30,4),IF(AJ13="t",VLOOKUP(AM13,TimeAdd!$A$1:$D$18,4),IF(AJ13="l",VLOOKUP(AM13,SLimit!$A$1:$D$8,4),AP12)))))),AP12) -> 30 | AQ13: =M13 -> 60 | AR13: =L13 -> R103 Bothas Hill 4 | AU13: =IF(GroupStTimes!$A$8=0,MIN(CB13,CD13,CF13),MIN(BZ13,CB13,CD13,CF13)) -> 0.25298611 | AV13: =IF(GroupStTimes!$A$8=0,MAX(CC13,CE13,CG13),MAX(CA13,CC13,CE13,CG13)) -> 0.31618056 | AW13: =IF(U13="","",CONCATENATE(FIXED(U13,5)," ",FIXED(V13,5))) | AX13: =IF(AJ13="m",ROUND(W13,5),"") | AY13: =IF(AJ13="m",ROUND(X13,5),"") | AZ13: =IF(AND(AM12=AM11,AN12=AN11,AO12=AO11,AP12=AP11,AJ13<>"t"),AZ12,IF(AJ13="t",AI13,AI12)) -> 0 | BA13: =IF(AND($AM12=$AM11,$AN12=AN11,$AO12=$AO11,$AP12=$AP11,$AJ13<>"t"),BA12,BZ12) -> 0.25069444 | BB13: =IF(AND($AM12=$AM11,$AN12=AN11,$AO12=$AO11,$AP12=$AP11,$AJ13<>"t"),BB12,CA12) -> 0.25625 | BC13: =IF(AND($AM12=$AM11,$AN12=AN11,$AO12=$AO11,$AP12=$AP11,$AJ13<>"t"),BC12,CB12) -> 0.25694444 | BD13: =IF(AND($AM12=$AM11,$AN12=AN11,$AO12=$AO11,$AP12=$AP11,$AJ13<>"t"),BD12,CC12) -> 0.30277778 | BE13: =IF(AND($AM12=$AM11,$AN12=AN11,$AO12=$AO11,$AP12=$AP11,$AJ13<>"t"),BE12,CD12) -> 0.30347222 | BF13: =IF(AND($AM12=$AM11,$AN12=AN11,$AO12=$AO11,$AP12=$AP11,$AJ13<>"t"),BF12,CE12) -> 0.31388889 | BG13: =IF(AND($AM12=$AM11,$AN12=AN11,$AO12=$AO11,$AP12=$AP11,$AJ13<>"t"),BG12,CF12) -> 0.31458333 | BH13: =IF(AND($AM12=$AM11,$AN12=AN11,$AO12=$AO11,$AP12=$AP11,$AJ13<>"t"),BH12,CG12) -> 0.31388889 | BI13: =AI13-AZ13 -> 1.65 | BJ13: =IF($AJ12="t",IF(AM11=0,0,$BI13/AM11),IF(AM12=0,0,$BI13/AM12)) -> 0.055 | BK13: =IF($AJ12="t",IF(AN11=0,0,$BI13/AN11),IF(AN12=0,0,$BI13/AN12)) -> 0.055 | BL13: =IF($AJ12="t",IF(AO11=0,0,$BI13/AO11),IF(AO12=0,0,$BI13/AO12)) -> 0.055 | BM13: =IF($AJ12="t",IF(AP11=0,0,$BI13/AP11),IF(AP12=0,0,$BI13/AP12)) -> 0.055 | BN13: =IF(AJ13="t",0,INT(BJ13)) -> 0 | BO13: =IF(AJ13="t",AM13,IF(INT((BJ13-BN13)*60)<0,1,INT((BJ13-BN13)*60))) -> 3 | BP13: =IF(AJ13="t",0,ROUND((((BJ13-BN13)*60)-BO13)*60,0)) -> 18 | BQ13: =IF(AJ13="t",0,INT(BK13)) -> 0 | BR13: =IF(AJ13="t",AN13,IF(INT((BK13-BQ13)*60)<0,1,INT((BK13-BQ13)*60))) -> 3 | BS13: =IF(AJ13="t",0,ROUND((((BK13-BQ13)*60)-BR13)*60,0)) -> 18 | BT13: =IF(AJ13="t",0,INT(BL13)) -> 0 | BU13: =IF(AJ13="t",AO13,IF(INT((BL13-BT13)*60)<0,1,INT((BL13-BT13)*60))) -> 3 | BV13: =IF(AJ13="t",0,ROUND((((BL13-BT13)*60)-BU13)*60,0)) -> 18 | BW13: =IF(AJ13="t",0,INT(BM13)) -> 0 | BX13: =IF(AJ13="t",AP13,IF(INT((BM13-BW13)*60)<0,1,INT((BM13-BW13)*60))) -> 3 | BY13: =IF(AJ13="t",0,ROUND((((BM13-BW13)*60)-BX13)*60,0)) -> 18 | BZ13: =BA13+TIME(BN13,BO13,BP13) -> 0.25298611 | CA13: =BB13+TIME(BN13,BO13,BP13) -> 0.25854167 | CB13: =BC13+TIME(BQ13,BR13,BS13) -> 0.25923611 | CC13: =BD13+TIME(BQ13,BR13,BS13) -> 0.30506944 | CD13: =BE13+TIME(BT13,BU13,BV13) -> 0.30576389 | CE13: =BF13+TIME(BT13,BU13,BV13) -> 0.31618056 | CF13: =BG13+TIME(BW13,BX13,BY13) -> 0.316875 | CG13: =BH13+TIME(BW13,BX13,BY13) -> 0.31618056 | CL13: 60
A14: 26 | G14: 1.73 | H14: =ROUND(IF(G14="",N14,IF(P14="",I14,IF(R14="",(I14+(P14+O14))/2,IF(T14="",(I14+(P14+O14)+(R14+Q14))/3,(I14+(P14+O14)+(R14+Q14)+(T14+S14))/4)))),2) -> 1.73 | I14: 1.73 | J14: =IF(N14="","",IF((I14-$I$4)=0,0,((I14-$I$4-(N14-$N$4))/(I14-$I$4)))) -> -0.0019267823 | K14: =(I14-$I$5)-(N14-$N$5) -> -0.0033333333 | L14: Bothas Hill. START of REGULARITY? | M14: 60 | N14: =IF(P14="",((I14-I13)+H13),IF(R14="",(P14+O14),IF(T14="",((P14+O14)+(R14+Q14))/2,((P14+O14)+(R14+Q14)+(T14+S14))/3))) -> 1.7333333 | P14: 1.73 | R14: 1.73 | T14: 1.74 | U14: =IF(W14="","",IF(Y14="",W14,IF(AA14<1,ROUND((Y14+W14)/2,5),IF(AC14<1,ROUND((Y14+AA14+W14)/3,5),ROUND((Y14+AA14+AC14+W14)/4,5))))) | V14: =IF(X14="","",IF(Z14<1,ROUND(X14,5),IF(AB14<1,ROUND((X14+Z14)/2,5),IF(AD14<1,ROUND((X14+Z14+AB14)/3,5),ROUND((X14+Z14+AB14+AD14)/4,5))))) | AE14: =IF(A14="","",A14) -> 26 | AF14: =IF(B14="","",B14) | AG14: =IF(C14="","",C14) | AH14: =IF(D14="","",D14) | AI14: =H14 -> 1.73 | AM14: =IF(OR(AJ14="",AJ14="m"),AM13,IF(AH14<>"",AH14,"")) -> 30 | AN14: =IF(AJ14<>"",IF(AJ14="o",VLOOKUP(AM14,OpenSect!$A$1:$D$11,2),IF(AJ14="u",VLOOKUP(AM14,UpHill!$A$1:$D$35,2),IF(AJ14="d",VLOOKUP(AM14,DownHill!$A$3:$D$29,2),IF(AJ14="f",VLOOKUP(AM14,FlatUnd!$A$2:$D$30,2),IF(AJ14="t",VLOOKUP(AM14,TimeAdd!$A$1:$D$176,2),IF(AJ14="l",VLOOKUP(AM14,SLimit!$A$1:$D$8,2),AN13)))))),AN13) -> 30 | AO14: =IF(AJ14<>"",IF(AJ14="o",VLOOKUP(AM14,OpenSect!$A$1:$D$11,3),IF(AJ14="u",VLOOKUP(AM14,UpHill!$A$1:$D$35,3),IF(AJ14="d",VLOOKUP(AM14,DownHill!$A$3:$D$29,3),IF(AJ14="f",VLOOKUP(AM14,FlatUnd!$A$2:$D$30,3),IF(AJ14="t",VLOOKUP(AM14,TimeAdd!$A$1:$D$18,3),IF(AJ14="l",VLOOKUP(AM14,SLimit!$A$1:$D$8,3),AO13)))))),AO13) -> 30 | AP14: =IF(AJ14<>"",IF(AJ14="o",VLOOKUP(AM14,OpenSect!$A$1:$D$11,4),IF(AJ14="u",VLOOKUP(AM14,UpHill!$A$1:$D$35,4),IF(AJ14="d",VLOOKUP(AM14,DownHill!$A$3:$D$29,4),IF(AJ14="f",VLOOKUP(AM14,FlatUnd!$A$2:$D$30,4),IF(AJ14="t",VLOOKUP(AM14,TimeAdd!$A$1:$D$18,4),IF(AJ14="l",VLOOKUP(AM14,SLimit!$A$1:$D$8,4),AP13)))))),AP13) -> 30 | AQ14: =M14 -> 60 | AR14: =L14 -> Bothas Hill. START of REGULARITY? | AU14: =IF(GroupStTimes!$A$8=0,MIN(CB14,CD14,CF14),MIN(BZ14,CB14,CD14,CF14)) -> 0.25310185 | AV14: =IF(GroupStTimes!$A$8=0,MAX(CC14,CE14,CG14),MAX(CA14,CC14,CE14,CG14)) -> 0.3162963 | AW14: =IF(U14="","",CONCATENATE(FIXED(U14,5)," ",FIXED(V14,5))) | AX14: =IF(AJ14="m",ROUND(W14,5),"") | AY14: =IF(AJ14="m",ROUND(X14,5),"") | AZ14: =IF(AND(AM13=AM12,AN13=AN12,AO13=AO12,AP13=AP12,AJ14<>"t"),AZ13,IF(AJ14="t",AI14,AI13)) -> 0 | BA14: =IF(AND($AM13=$AM12,$AN13=AN12,$AO13=$AO12,$AP13=$AP12,$AJ14<>"t"),BA13,BZ13) -> 0.25069444 | BB14: =IF(AND($AM13=$AM12,$AN13=AN12,$AO13=$AO12,$AP13=$AP12,$AJ14<>"t"),BB13,CA13) -> 0.25625 | BC14: =IF(AND($AM13=$AM12,$AN13=AN12,$AO13=$AO12,$AP13=$AP12,$AJ14<>"t"),BC13,CB13) -> 0.25694444 | BD14: =IF(AND($AM13=$AM12,$AN13=AN12,$AO13=$AO12,$AP13=$AP12,$AJ14<>"t"),BD13,CC13) -> 0.30277778 | BE14: =IF(AND($AM13=$AM12,$AN13=AN12,$AO13=$AO12,$AP13=$AP12,$AJ14<>"t"),BE13,CD13) -> 0.30347222 | BF14: =IF(AND($AM13=$AM12,$AN13=AN12,$AO13=$AO12,$AP13=$AP12,$AJ14<>"t"),BF13,CE13) -> 0.31388889 | BG14: =IF(AND($AM13=$AM12,$AN13=AN12,$AO13=$AO12,$AP13=$AP12,$AJ14<>"t"),BG13,CF13) -> 0.31458333 | BH14: =IF(AND($AM13=$AM12,$AN13=AN12,$AO13=$AO12,$AP13=$AP12,$AJ14<>"t"),BH13,CG13) -> 0.31388889 | BI14: =AI14-AZ14 -> 1.73 | BJ14: =IF($AJ13="t",IF(AM12=0,0,$BI14/AM12),IF(AM13=0,0,$BI14/AM13)) -> 0.057666667 | BK14: =IF($AJ13="t",IF(AN12=0,0,$BI14/AN12),IF(AN13=0,0,$BI14/AN13)) -> 0.057666667 | BL14: =IF($AJ13="t",IF(AO12=0,0,$BI14/AO12),IF(AO13=0,0,$BI14/AO13)) -> 0.057666667 | BM14: =IF($AJ13="t",IF(AP12=0,0,$BI14/AP12),IF(AP13=0,0,$BI14/AP13)) -> 0.057666667 | BN14: =IF(AJ14="t",0,INT(BJ14)) -> 0 | BO14: =IF(AJ14="t",AM14,IF(INT((BJ14-BN14)*60)<0,1,INT((BJ14-BN14)*60))) -> 3 | BP14: =IF(AJ14="t",0,ROUND((((BJ14-BN14)*60)-BO14)*60,0)) -> 28 | BQ14: =IF(AJ14="t",0,INT(BK14)) -> 0 | BR14: =IF(AJ14="t",AN14,IF(INT((BK14-BQ14)*60)<0,1,INT((BK14-BQ14)*60))) -> 3 | BS14: =IF(AJ14="t",0,ROUND((((BK14-BQ14)*60)-BR14)*60,0)) -> 28 | BT14: =IF(AJ14="t",0,INT(BL14)) -> 0 | BU14: =IF(AJ14="t",AO14,IF(INT((BL14-BT14)*60)<0,1,INT((BL14-BT14)*60))) -> 3 | BV14: =IF(AJ14="t",0,ROUND((((BL14-BT14)*60)-BU14)*60,0)) -> 28 | BW14: =IF(AJ14="t",0,INT(BM14)) -> 0 | BX14: =IF(AJ14="t",AP14,IF(INT((BM14-BW14)*60)<0,1,INT((BM14-BW14)*60))) -> 3 | BY14: =IF(AJ14="t",0,ROUND((((BM14-BW14)*60)-BX14)*60,0)) -> 28 | BZ14: =BA14+TIME(BN14,BO14,BP14) -> 0.25310185 | CA14: =BB14+TIME(BN14,BO14,BP14) -> 0.25865741 | CB14: =BC14+TIME(BQ14,BR14,BS14) -> 0.25935185 | CC14: =BD14+TIME(BQ14,BR14,BS14) -> 0.30518519 | CD14: =BE14+TIME(BT14,BU14,BV14) -> 0.30587963 | CE14: =BF14+TIME(BT14,BU14,BV14) -> 0.3162963 | CF14: =BG14+TIME(BW14,BX14,BY14) -> 0.31699074 | CG14: =BH14+TIME(BW14,BX14,BY14) -> 0.3162963 | CL14: 60
A15: 26 | B15: U1 | G15: 2.04 | H15: =ROUND(IF(G15="",N15,IF(P15="",I15,IF(R15="",(I15+(P15+O15))/2,IF(T15="",(I15+(P15+O15)+(R15+Q15))/3,(I15+(P15+O15)+(R15+Q15)+(T15+S15))/4)))),2) -> 2.02 | I15: 2 | J15: =IF(N15="","",IF((I15-$I$4)=0,0,((I15-$I$4-(N15-$N$4))/(I15-$I$4)))) -> -0.015 | K15: =(I15-$I$5)-(N15-$N$5) -> -0.03 | L15: Warning - Winding road | M15: 60 | N15: =IF(P15="",((I15-I14)+H14),IF(R15="",(P15+O15),IF(T15="",((P15+O15)+(R15+Q15))/2,((P15+O15)+(R15+Q15)+(T15+S15))/3))) -> 2.03 | P15: 2 | R15: 2.04 | T15: 2.05 | U15: =IF(W15="","",IF(Y15="",W15,IF(AA15<1,ROUND((Y15+W15)/2,5),IF(AC15<1,ROUND((Y15+AA15+W15)/3,5),ROUND((Y15+AA15+AC15+W15)/4,5))))) | V15: =IF(X15="","",IF(Z15<1,ROUND(X15,5),IF(AB15<1,ROUND((X15+Z15)/2,5),IF(AD15<1,ROUND((X15+Z15+AB15)/3,5),ROUND((X15+Z15+AB15+AD15)/4,5))))) | AE15: =IF(A15="","",A15) -> 26 | AF15: =IF(B15="","",B15) -> U1 | AG15: =IF(C15="","",C15) | AH15: =IF(D15="","",D15) | AI15: =H15 -> 2.02 | AM15: =IF(OR(AJ15="",AJ15="m"),AM14,IF(AH15<>"",AH15,"")) -> 30 | AN15: =IF(AJ15<>"",IF(AJ15="o",VLOOKUP(AM15,OpenSect!$A$1:$D$11,2),IF(AJ15="u",VLOOKUP(AM15,UpHill!$A$1:$D$35,2),IF(AJ15="d",VLOOKUP(AM15,DownHill!$A$3:$D$29,2),IF(AJ15="f",VLOOKUP(AM15,FlatUnd!$A$2:$D$30,2),IF(AJ15="t",VLOOKUP(AM15,TimeAdd!$A$1:$D$176,2),IF(AJ15="l",VLOOKUP(AM15,SLimit!$A$1:$D$8,2),AN14)))))),AN14) -> 30 | AO15: =IF(AJ15<>"",IF(AJ15="o",VLOOKUP(AM15,OpenSect!$A$1:$D$11,3),IF(AJ15="u",VLOOKUP(AM15,UpHill!$A$1:$D$35,3),IF(AJ15="d",VLOOKUP(AM15,DownHill!$A$3:$D$29,3),IF(AJ15="f",VLOOKUP(AM15,FlatUnd!$A$2:$D$30,3),IF(AJ15="t",VLOOKUP(AM15,TimeAdd!$A$1:$D$18,3),IF(AJ15="l",VLOOKUP(AM15,SLimit!$A$1:$D$8,3),AO14)))))),AO14) -> 30 | AP15: =IF(AJ15<>"",IF(AJ15="o",VLOOKUP(AM15,OpenSect!$A$1:$D$11,4),IF(AJ15="u",VLOOKUP(AM15,UpHill!$A$1:$D$35,4),IF(AJ15="d",VLOOKUP(AM15,DownHill!$A$3:$D$29,4),IF(AJ15="f",VLOOKUP(AM15,FlatUnd!$A$2:$D$30,4),IF(AJ15="t",VLOOKUP(AM15,TimeAdd!$A$1:$D$18,4),IF(AJ15="l",VLOOKUP(AM15,SLimit!$A$1:$D$8,4),AP14)))))),AP14) -> 30 | AQ15: =M15 -> 60 | AR15: =L15 -> Warning - Winding road | AU15: =IF(GroupStTimes!$A$8=0,MIN(CB15,CD15,CF15),MIN(BZ15,CB15,CD15,CF15)) -> 0.25349537 | AV15: =IF(GroupStTimes!$A$8=0,MAX(CC15,CE15,CG15),MAX(CA15,CC15,CE15,CG15)) -> 0.31668981 | AW15: =IF(U15="","",CONCATENATE(FIXED(U15,5)," ",FIXED(V15,5))) | AX15: =IF(AJ15="m",ROUND(W15,5),"") | AY15: =IF(AJ15="m",ROUND(X15,5),"") | AZ15: =IF(AND(AM14=AM13,AN14=AN13,AO14=AO13,AP14=AP13,AJ15<>"t"),AZ14,IF(AJ15="t",AI15,AI14)) -> 0 | BA15: =IF(AND($AM14=$AM13,$AN14=AN13,$AO14=$AO13,$AP14=$AP13,$AJ15<>"t"),BA14,BZ14) -> 0.25069444 | BB15: =IF(AND($AM14=$AM13,$AN14=AN13,$AO14=$AO13,$AP14=$AP13,$AJ15<>"t"),BB14,CA14) -> 0.25625 | BC15: =IF(AND($AM14=$AM13,$AN14=AN13,$AO14=$AO13,$AP14=$AP13,$AJ15<>"t"),BC14,CB14) -> 0.25694444 | BD15: =IF(AND($AM14=$AM13,$AN14=AN13,$AO14=$AO13,$AP14=$AP13,$AJ15<>"t"),BD14,CC14) -> 0.30277778 | BE15: =IF(AND($AM14=$AM13,$AN14=AN13,$AO14=$AO13,$AP14=$AP13,$AJ15<>"t"),BE14,CD14) -> 0.30347222 | BF15: =IF(AND($AM14=$AM13,$AN14=AN13,$AO14=$AO13,$AP14=$AP13,$AJ15<>"t"),BF14,CE14) -> 0.31388889 | BG15: =IF(AND($AM14=$AM13,$AN14=AN13,$AO14=$AO13,$AP14=$AP13,$AJ15<>"t"),BG14,CF14) -> 0.31458333 | BH15: =IF(AND($AM14=$AM13,$AN14=AN13,$AO14=$AO13,$AP14=$AP13,$AJ15<>"t"),BH14,CG14) -> 0.31388889 | BI15: =AI15-AZ15 -> 2.02 | BJ15: =IF($AJ14="t",IF(AM13=0,0,$BI15/AM13),IF(AM14=0,0,$BI15/AM14)) -> 0.067333333 | BK15: =IF($AJ14="t",IF(AN13=0,0,$BI15/AN13),IF(AN14=0,0,$BI15/AN14)) -> 0.067333333 | BL15: =IF($AJ14="t",IF(AO13=0,0,$BI15/AO13),IF(AO14=0,0,$BI15/AO14)) -> 0.067333333 | BM15: =IF($AJ14="t",IF(AP13=0,0,$BI15/AP13),IF(AP14=0,0,$BI15/AP14)) -> 0.067333333 | BN15: =IF(AJ15="t",0,INT(BJ15)) -> 0 | BO15: =IF(AJ15="t",AM15,IF(INT((BJ15-BN15)*60)<0,1,INT((BJ15-BN15)*60))) -> 4 | BP15: =IF(AJ15="t",0,ROUND((((BJ15-BN15)*60)-BO15)*60,0)) -> 2 | BQ15: =IF(AJ15="t",0,INT(BK15)) -> 0 | BR15: =IF(AJ15="t",AN15,IF(INT((BK15-BQ15)*60)<0,1,INT((BK15-BQ15)*60))) -> 4 | BS15: =IF(AJ15="t",0,ROUND((((BK15-BQ15)*60)-BR15)*60,0)) -> 2 | BT15: =IF(AJ15="t",0,INT(BL15)) -> 0 | BU15: =IF(AJ15="t",AO15,IF(INT((BL15-BT15)*60)<0,1,INT((BL15-BT15)*60))) -> 4 | BV15: =IF(AJ15="t",0,ROUND((((BL15-BT15)*60)-BU15)*60,0)) -> 2 | BW15: =IF(AJ15="t",0,INT(BM15)) -> 0 | BX15: =IF(AJ15="t",AP15,IF(INT((BM15-BW15)*60)<0,1,INT((BM15-BW15)*60))) -> 4 | BY15: =IF(AJ15="t",0,ROUND((((BM15-BW15)*60)-BX15)*60,0)) -> 2 | BZ15: =BA15+TIME(BN15,BO15,BP15) -> 0.25349537 | CA15: =BB15+TIME(BN15,BO15,BP15) -> 0.25905093 | CB15: =BC15+TIME(BQ15,BR15,BS15) -> 0.25974537 | CC15: =BD15+TIME(BQ15,BR15,BS15) -> 0.3055787 | CD15: =BE15+TIME(BT15,BU15,BV15) -> 0.30627315 | CE15: =BF15+TIME(BT15,BU15,BV15) -> 0.31668981 | CF15: =BG15+TIME(BW15,BX15,BY15) -> 0.31738426 | CG15: =BH15+TIME(BW15,BX15,BY15) -> 0.31668981 | CL15: 60
G16: 2.61 | H16: =ROUND(IF(G16="",N16,IF(P16="",I16,IF(R16="",(I16+(P16+O16))/2,IF(T16="",(I16+(P16+O16)+(R16+Q16))/3,(I16+(P16+O16)+(R16+Q16)+(T16+S16))/4)))),2) -> 2.59 | I16: 2.57 | J16: =IF(N16="","",IF((I16-$I$4)=0,0,((I16-$I$4-(N16-$N$4))/(I16-$I$4)))) -> -0.010376135 | K16: =(I16-$I$5)-(N16-$N$5) -> -0.026666667 | L16: 5 km stone. | M16: 60 | N16: =IF(P16="",((I16-I15)+H15),IF(R16="",(P16+O16),IF(T16="",((P16+O16)+(R16+Q16))/2,((P16+O16)+(R16+Q16)+(T16+S16))/3))) -> 2.5966667 | P16: 2.57 | R16: 2.61 | S16: 2.6 | T16: 0.01 | U16: =IF(W16="","",IF(Y16="",W16,IF(AA16<1,ROUND((Y16+W16)/2,5),IF(AC16<1,ROUND((Y16+AA16+W16)/3,5),ROUND((Y16+AA16+AC16+W16)/4,5))))) | V16: =IF(X16="","",IF(Z16<1,ROUND(X16,5),IF(AB16<1,ROUND((X16+Z16)/2,5),IF(AD16<1,ROUND((X16+Z16+AB16)/3,5),ROUND((X16+Z16+AB16+AD16)/4,5))))) | AE16: =IF(A16="","",A16) | AF16: =IF(B16="","",B16) | AG16: =IF(C16="","",C16) | AH16: =IF(D16="","",D16) | AI16: =H16 -> 2.59 | AM16: =IF(OR(AJ16="",AJ16="m"),AM15,IF(AH16<>"",AH16,"")) -> 30 | AN16: =IF(AJ16<>"",IF(AJ16="o",VLOOKUP(AM16,OpenSect!$A$1:$D$11,2),IF(AJ16="u",VLOOKUP(AM16,UpHill!$A$1:$D$35,2),IF(AJ16="d",VLOOKUP(AM16,DownHill!$A$3:$D$29,2),IF(AJ16="f",VLOOKUP(AM16,FlatUnd!$A$2:$D$30,2),IF(AJ16="t",VLOOKUP(AM16,TimeAdd!$A$1:$D$176,2),IF(AJ16="l",VLOOKUP(AM16,SLimit!$A$1:$D$8,2),AN15)))))),AN15) -> 30 | AO16: =IF(AJ16<>"",IF(AJ16="o",VLOOKUP(AM16,OpenSect!$A$1:$D$11,3),IF(AJ16="u",VLOOKUP(AM16,UpHill!$A$1:$D$35,3),IF(AJ16="d",VLOOKUP(AM16,DownHill!$A$3:$D$29,3),IF(AJ16="f",VLOOKUP(AM16,FlatUnd!$A$2:$D$30,3),IF(AJ16="t",VLOOKUP(AM16,TimeAdd!$A$1:$D$18,3),IF(AJ16="l",VLOOKUP(AM16,SLimit!$A$1:$D$8,3),AO15)))))),AO15) -> 30 | AP16: =IF(AJ16<>"",IF(AJ16="o",VLOOKUP(AM16,OpenSect!$A$1:$D$11,4),IF(AJ16="u",VLOOKUP(AM16,UpHill!$A$1:$D$35,4),IF(AJ16="d",VLOOKUP(AM16,DownHill!$A$3:$D$29,4),IF(AJ16="f",VLOOKUP(AM16,FlatUnd!$A$2:$D$30,4),IF(AJ16="t",VLOOKUP(AM16,TimeAdd!$A$1:$D$18,4),IF(AJ16="l",VLOOKUP(AM16,SLimit!$A$1:$D$8,4),AP15)))))),AP15) -> 30 | AQ16: =M16 -> 60 | AR16: =L16 -> 5 km stone. | AU16: =IF(GroupStTimes!$A$8=0,MIN(CB16,CD16,CF16),MIN(BZ16,CB16,CD16,CF16)) -> 0.25429398 | AV16: =IF(GroupStTimes!$A$8=0,MAX(CC16,CE16,CG16),MAX(CA16,CC16,CE16,CG16)) -> 0.31748843 | AW16: =IF(U16="","",CONCATENATE(FIXED(U16,5)," ",FIXED(V16,5))) | AX16: =IF(AJ16="m",ROUND(W16,5),"") | AY16: =IF(AJ16="m",ROUND(X16,5),"") | AZ16: =IF(AND(AM15=AM14,AN15=AN14,AO15=AO14,AP15=AP14,AJ16<>"t"),AZ15,IF(AJ16="t",AI16,AI15)) -> 0 | BA16: =IF(AND($AM15=$AM14,$AN15=AN14,$AO15=$AO14,$AP15=$AP14,$AJ16<>"t"),BA15,BZ15) -> 0.25069444 | BB16: =IF(AND($AM15=$AM14,$AN15=AN14,$AO15=$AO14,$AP15=$AP14,$AJ16<>"t"),BB15,CA15) -> 0.25625 | BC16: =IF(AND($AM15=$AM14,$AN15=AN14,$AO15=$AO14,$AP15=$AP14,$AJ16<>"t"),BC15,CB15) -> 0.25694444 | BD16: =IF(AND($AM15=$AM14,$AN15=AN14,$AO15=$AO14,$AP15=$AP14,$AJ16<>"t"),BD15,CC15) -> 0.30277778 | BE16: =IF(AND($AM15=$AM14,$AN15=AN14,$AO15=$AO14,$AP15=$AP14,$AJ16<>"t"),BE15,CD15) -> 0.30347222 | BF16: =IF(AND($AM15=$AM14,$AN15=AN14,$AO15=$AO14,$AP15=$AP14,$AJ16<>"t"),BF15,CE15) -> 0.31388889 | BG16: =IF(AND($AM15=$AM14,$AN15=AN14,$AO15=$AO14,$AP15=$AP14,$AJ16<>"t"),BG15,CF15) -> 0.31458333 | BH16: =IF(AND($AM15=$AM14,$AN15=AN14,$AO15=$AO14,$AP15=$AP14,$AJ16<>"t"),BH15,CG15) -> 0.31388889 | BI16: =AI16-AZ16 -> 2.59 | BJ16: =IF($AJ15="t",IF(AM14=0,0,$BI16/AM14),IF(AM15=0,0,$BI16/AM15)) -> 0.086333333 | BK16: =IF($AJ15="t",IF(AN14=0,0,$BI16/AN14),IF(AN15=0,0,$BI16/AN15)) -> 0.086333333 | BL16: =IF($AJ15="t",IF(AO14=0,0,$BI16/AO14),IF(AO15=0,0,$BI16/AO15)) -> 0.086333333 | BM16: =IF($AJ15="t",IF(AP14=0,0,$BI16/AP14),IF(AP15=0,0,$BI16/AP15)) -> 0.086333333 | BN16: =IF(AJ16="t",0,INT(BJ16)) -> 0 | BO16: =IF(AJ16="t",AM16,IF(INT((BJ16-BN16)*60)<0,1,INT((BJ16-BN16)*60))) -> 5 | BP16: =IF(AJ16="t",0,ROUND((((BJ16-BN16)*60)-BO16)*60,0)) -> 11 | BQ16: =IF(AJ16="t",0,INT(BK16)) -> 0 | BR16: =IF(AJ16="t",AN16,IF(INT((BK16-BQ16)*60)<0,1,INT((BK16-BQ16)*60))) -> 5 | BS16: =IF(AJ16="t",0,ROUND((((BK16-BQ16)*60)-BR16)*60,0)) -> 11 | BT16: =IF(AJ16="t",0,INT(BL16)) -> 0 | BU16: =IF(AJ16="t",AO16,IF(INT((BL16-BT16)*60)<0,1,INT((BL16-BT16)*60))) -> 5 | BV16: =IF(AJ16="t",0,ROUND((((BL16-BT16)*60)-BU16)*60,0)) -> 11 | BW16: =IF(AJ16="t",0,INT(BM16)) -> 0 | BX16: =IF(AJ16="t",AP16,IF(INT((BM16-BW16)*60)<0,1,INT((BM16-BW16)*60))) -> 5 | BY16: =IF(AJ16="t",0,ROUND((((BM16-BW16)*60)-BX16)*60,0)) -> 11 | BZ16: =BA16+TIME(BN16,BO16,BP16) -> 0.25429398 | CA16: =BB16+TIME(BN16,BO16,BP16) -> 0.25984954 | CB16: =BC16+TIME(BQ16,BR16,BS16) -> 0.26054398 | CC16: =BD16+TIME(BQ16,BR16,BS16) -> 0.30637731 | CD16: =BE16+TIME(BT16,BU16,BV16) -> 0.30707176 | CE16: =BF16+TIME(BT16,BU16,BV16) -> 0.31748843 | CF16: =BG16+TIME(BW16,BX16,BY16) -> 0.31818287 | CG16: =BH16+TIME(BW16,BX16,BY16) -> 0.31748843 | CL16: 60
G17: 2.84 | H17: =ROUND(IF(G17="",N17,IF(P17="",I17,IF(R17="",(I17+(P17+O17))/2,IF(T17="",(I17+(P17+O17)+(R17+Q17))/3,(I17+(P17+O17)+(R17+Q17)+(T17+S17))/4)))),2) -> 2.82 | I17: 2.79 | J17: =IF(N17="","",IF((I17-$I$4)=0,0,((I17-$I$4-(N17-$N$4))/(I17-$I$4)))) -> -0.011947431 | K17: =(I17-$I$5)-(N17-$N$5) -> -0.033333333 | L17: 60 Speed limit. | M17: 60 | N17: =IF(P17="",((I17-I16)+H16),IF(R17="",(P17+O17),IF(T17="",((P17+O17)+(R17+Q17))/2,((P17+O17)+(R17+Q17)+(T17+S17))/3))) -> 2.8233333 | P17: 2.79 | R17: 2.84 | S17: 2.83 | T17: 0.01 | U17: =IF(W17="","",IF(Y17="",W17,IF(AA17<1,ROUND((Y17+W17)/2,5),IF(AC17<1,ROUND((Y17+AA17+W17)/3,5),ROUND((Y17+AA17+AC17+W17)/4,5))))) | V17: =IF(X17="","",IF(Z17<1,ROUND(X17,5),IF(AB17<1,ROUND((X17+Z17)/2,5),IF(AD17<1,ROUND((X17+Z17+AB17)/3,5),ROUND((X17+Z17+AB17+AD17)/4,5))))) | AE17: =IF(A17="","",A17) | AF17: =IF(B17="","",B17) | AG17: =IF(C17="","",C17) | AH17: =IF(D17="","",D17) | AI17: =H17 -> 2.82 | AM17: =IF(OR(AJ17="",AJ17="m"),AM16,IF(AH17<>"",AH17,"")) -> 30 | AN17: =IF(AJ17<>"",IF(AJ17="o",VLOOKUP(AM17,OpenSect!$A$1:$D$11,2),IF(AJ17="u",VLOOKUP(AM17,UpHill!$A$1:$D$35,2),IF(AJ17="d",VLOOKUP(AM17,DownHill!$A$3:$D$29,2),IF(AJ17="f",VLOOKUP(AM17,FlatUnd!$A$2:$D$30,2),IF(AJ17="t",VLOOKUP(AM17,TimeAdd!$A$1:$D$176,2),IF(AJ17="l",VLOOKUP(AM17,SLimit!$A$1:$D$8,2),AN16)))))),AN16) -> 30 | AO17: =IF(AJ17<>"",IF(AJ17="o",VLOOKUP(AM17,OpenSect!$A$1:$D$11,3),IF(AJ17="u",VLOOKUP(AM17,UpHill!$A$1:$D$35,3),IF(AJ17="d",VLOOKUP(AM17,DownHill!$A$3:$D$29,3),IF(AJ17="f",VLOOKUP(AM17,FlatUnd!$A$2:$D$30,3),IF(AJ17="t",VLOOKUP(AM17,TimeAdd!$A$1:$D$18,3),IF(AJ17="l",VLOOKUP(AM17,SLimit!$A$1:$D$8,3),AO16)))))),AO16) -> 30 | AP17: =IF(AJ17<>"",IF(AJ17="o",VLOOKUP(AM17,OpenSect!$A$1:$D$11,4),IF(AJ17="u",VLOOKUP(AM17,UpHill!$A$1:$D$35,4),IF(AJ17="d",VLOOKUP(AM17,DownHill!$A$3:$D$29,4),IF(AJ17="f",VLOOKUP(AM17,FlatUnd!$A$2:$D$30,4),IF(AJ17="t",VLOOKUP(AM17,TimeAdd!$A$1:$D$18,4),IF(AJ17="l",VLOOKUP(AM17,SLimit!$A$1:$D$8,4),AP16)))))),AP16) -> 30 | AQ17: =M17 -> 60 | AR17: =L17 -> 60 Speed limit. | AU17: =IF(GroupStTimes!$A$8=0,MIN(CB17,CD17,CF17),MIN(BZ17,CB17,CD17,CF17)) -> 0.25460648 | AV17: =IF(GroupStTimes!$A$8=0,MAX(CC17,CE17,CG17),MAX(CA17,CC17,CE17,CG17)) -> 0.31780093 | AW17: =IF(U17="","",CONCATENATE(FIXED(U17,5)," ",FIXED(V17,5))) | AX17: =IF(AJ17="m",ROUND(W17,5),"") | AY17: =IF(AJ17="m",ROUND(X17,5),"") | AZ17: =IF(AND(AM16=AM15,AN16=AN15,AO16=AO15,AP16=AP15,AJ17<>"t"),AZ16,IF(AJ17="t",AI17,AI16)) -> 0 | BA17: =IF(AND($AM16=$AM15,$AN16=AN15,$AO16=$AO15,$AP16=$AP15,$AJ17<>"t"),BA16,BZ16) -> 0.25069444 | BB17: =IF(AND($AM16=$AM15,$AN16=AN15,$AO16=$AO15,$AP16=$AP15,$AJ17<>"t"),BB16,CA16) -> 0.25625 | BC17: =IF(AND($AM16=$AM15,$AN16=AN15,$AO16=$AO15,$AP16=$AP15,$AJ17<>"t"),BC16,CB16) -> 0.25694444 | BD17: =IF(AND($AM16=$AM15,$AN16=AN15,$AO16=$AO15,$AP16=$AP15,$AJ17<>"t"),BD16,CC16) -> 0.30277778 | BE17: =IF(AND($AM16=$AM15,$AN16=AN15,$AO16=$AO15,$AP16=$AP15,$AJ17<>"t"),BE16,CD16) -> 0.30347222 | BF17: =IF(AND($AM16=$AM15,$AN16=AN15,$AO16=$AO15,$AP16=$AP15,$AJ17<>"t"),BF16,CE16) -> 0.31388889 | BG17: =IF(AND($AM16=$AM15,$AN16=AN15,$AO16=$AO15,$AP16=$AP15,$AJ17<>"t"),BG16,CF16) -> 0.31458333 | BH17: =IF(AND($AM16=$AM15,$AN16=AN15,$AO16=$AO15,$AP16=$AP15,$AJ17<>"t"),BH16,CG16) -> 0.31388889 | BI17: =AI17-AZ17 -> 2.82 | BJ17: =IF($AJ16="t",IF(AM15=0,0,$BI17/AM15),IF(AM16=0,0,$BI17/AM16)) -> 0.094 | BK17: =IF($AJ16="t",IF(AN15=0,0,$BI17/AN15),IF(AN16=0,0,$BI17/AN16)) -> 0.094 | BL17: =IF($AJ16="t",IF(AO15=0,0,$BI17/AO15),IF(AO16=0,0,$BI17/AO16)) -> 0.094 | BM17: =IF($AJ16="t",IF(AP15=0,0,$BI17/AP15),IF(AP16=0,0,$BI17/AP16)) -> 0.094 | BN17: =IF(AJ17="t",0,INT(BJ17)) -> 0 | BO17: =IF(AJ17="t",AM17,IF(INT((BJ17-BN17)*60)<0,1,INT((BJ17-BN17)*60))) -> 5 | BP17: =IF(AJ17="t",0,ROUND((((BJ17-BN17)*60)-BO17)*60,0)) -> 38 | BQ17: =IF(AJ17="t",0,INT(BK17)) -> 0 | BR17: =IF(AJ17="t",AN17,IF(INT((BK17-BQ17)*60)<0,1,INT((BK17-BQ17)*60))) -> 5 | BS17: =IF(AJ17="t",0,ROUND((((BK17-BQ17)*60)-BR17)*60,0)) -> 38 | BT17: =IF(AJ17="t",0,INT(BL17)) -> 0 | BU17: =IF(AJ17="t",AO17,IF(INT((BL17-BT17)*60)<0,1,INT((BL17-BT17)*60))) -> 5 | BV17: =IF(AJ17="t",0,ROUND((((BL17-BT17)*60)-BU17)*60,0)) -> 38 | BW17: =IF(AJ17="t",0,INT(BM17)) -> 0 | BX17: =IF(AJ17="t",AP17,IF(INT((BM17-BW17)*60)<0,1,INT((BM17-BW17)*60))) -> 5 | BY17: =IF(AJ17="t",0,ROUND((((BM17-BW17)*60)-BX17)*60,0)) -> 38 | BZ17: =BA17+TIME(BN17,BO17,BP17) -> 0.25460648 | CA17: =BB17+TIME(BN17,BO17,BP17) -> 0.26016204 | CB17: =BC17+TIME(BQ17,BR17,BS17) -> 0.26085648 | CC17: =BD17+TIME(BQ17,BR17,BS17) -> 0.30668981 | CD17: =BE17+TIME(BT17,BU17,BV17) -> 0.30738426 | CE17: =BF17+TIME(BT17,BU17,BV17) -> 0.31780093 | CF17: =BG17+TIME(BW17,BX17,BY17) -> 0.31849537 | CG17: =BH17+TIME(BW17,BX17,BY17) -> 0.31780093 | CL17: 60
A18: 26 | G18: 3.45 | H18: =ROUND(IF(G18="",N18,IF(P18="",I18,IF(R18="",(I18+(P18+O18))/2,IF(T18="",(I18+(P18+O18)+(R18+Q18))/3,(I18+(P18+O18)+(R18+Q18)+(T18+S18))/4)))),2) -> 3.45 | I18: 3.45 | J18: =IF(N18="","",IF((I18-$I$4)=0,0,((I18-$I$4-(N18-$N$4))/(I18-$I$4)))) -> 0 | K18: =(I18-$I$5)-(N18-$N$5) -> 0 | L18: Kearsney College | M18: 60 | N18: =IF(P18="",((I18-I17)+H17),IF(R18="",(P18+O18),IF(T18="",((P18+O18)+(R18+Q18))/2,((P18+O18)+(R18+Q18)+(T18+S18))/3))) -> 3.45 | P18: 3.45 | AE18: =IF(A18="","",A18) -> 26 | AF18: =IF(B18="","",B18) | AG18: =IF(C18="","",C18) | AH18: =IF(D18="","",D18) | AI18: =H18 -> 3.45 | AM18: =IF(OR(AJ18="",AJ18="m"),AM17,IF(AH18<>"",AH18,"")) -> 30 | AN18: =IF(AJ18<>"",IF(AJ18="o",VLOOKUP(AM18,OpenSect!$A$1:$D$11,2),IF(AJ18="u",VLOOKUP(AM18,UpHill!$A$1:$D$35,2),IF(AJ18="d",VLOOKUP(AM18,DownHill!$A$3:$D$29,2),IF(AJ18="f",VLOOKUP(AM18,FlatUnd!$A$2:$D$30,2),IF(AJ18="t",VLOOKUP(AM18,TimeAdd!$A$1:$D$176,2),IF(AJ18="l",VLOOKUP(AM18,SLimit!$A$1:$D$8,2),AN17)))))),AN17) -> 30 | AO18: =IF(AJ18<>"",IF(AJ18="o",VLOOKUP(AM18,OpenSect!$A$1:$D$11,3),IF(AJ18="u",VLOOKUP(AM18,UpHill!$A$1:$D$35,3),IF(AJ18="d",VLOOKUP(AM18,DownHill!$A$3:$D$29,3),IF(AJ18="f",VLOOKUP(AM18,FlatUnd!$A$2:$D$30,3),IF(AJ18="t",VLOOKUP(AM18,TimeAdd!$A$1:$D$18,3),IF(AJ18="l",VLOOKUP(AM18,SLimit!$A$1:$D$8,3),AO17)))))),AO17) -> 30 | AP18: =IF(AJ18<>"",IF(AJ18="o",VLOOKUP(AM18,OpenSect!$A$1:$D$11,4),IF(AJ18="u",VLOOKUP(AM18,UpHill!$A$1:$D$35,4),IF(AJ18="d",VLOOKUP(AM18,DownHill!$A$3:$D$29,4),IF(AJ18="f",VLOOKUP(AM18,FlatUnd!$A$2:$D$30,4),IF(AJ18="t",VLOOKUP(AM18,TimeAdd!$A$1:$D$18,4),IF(AJ18="l",VLOOKUP(AM18,SLimit!$A$1:$D$8,4),AP17)))))),AP17) -> 30 | AQ18: =M18 -> 60 | AR18: =L18 -> Kearsney College | AU18: =IF(GroupStTimes!$A$8=0,MIN(CB18,CD18,CF18),MIN(BZ18,CB18,CD18,CF18)) -> 0.25548611 | AV18: =IF(GroupStTimes!$A$8=0,MAX(CC18,CE18,CG18),MAX(CA18,CC18,CE18,CG18)) -> 0.31868056 | AW18: =IF(U18="","",CONCATENATE(FIXED(U18,5)," ",FIXED(V18,5))) | AX18: =IF(AJ18="m",ROUND(W18,5),"") | AY18: =IF(AJ18="m",ROUND(X18,5),"") | AZ18: =IF(AND(AM17=AM16,AN17=AN16,AO17=AO16,AP17=AP16,AJ18<>"t"),AZ17,IF(AJ18="t",AI18,AI17)) -> 0 | BA18: =IF(AND($AM17=$AM16,$AN17=AN16,$AO17=$AO16,$AP17=$AP16,$AJ18<>"t"),BA17,BZ17) -> 0.25069444 | BB18: =IF(AND($AM17=$AM16,$AN17=AN16,$AO17=$AO16,$AP17=$AP16,$AJ18<>"t"),BB17,CA17) -> 0.25625 | BC18: =IF(AND($AM17=$AM16,$AN17=AN16,$AO17=$AO16,$AP17=$AP16,$AJ18<>"t"),BC17,CB17) -> 0.25694444 | BD18: =IF(AND($AM17=$AM16,$AN17=AN16,$AO17=$AO16,$AP17=$AP16,$AJ18<>"t"),BD17,CC17) -> 0.30277778 | BE18: =IF(AND($AM17=$AM16,$AN17=AN16,$AO17=$AO16,$AP17=$AP16,$AJ18<>"t"),BE17,CD17) -> 0.30347222 | BF18: =IF(AND($AM17=$AM16,$AN17=AN16,$AO17=$AO16,$AP17=$AP16,$AJ18<>"t"),BF17,CE17) -> 0.31388889 | BG18: =IF(AND($AM17=$AM16,$AN17=AN16,$AO17=$AO16,$AP17=$AP16,$AJ18<>"t"),BG17,CF17) -> 0.31458333 | BH18: =IF(AND($AM17=$AM16,$AN17=AN16,$AO17=$AO16,$AP17=$AP16,$AJ18<>"t"),BH17,CG17) -> 0.31388889 | BI18: =AI18-AZ18 -> 3.45 | BJ18: =IF($AJ17="t",IF(AM16=0,0,$BI18/AM16),IF(AM17=0,0,$BI18/AM17)) -> 0.115 | BK18: =IF($AJ17="t",IF(AN16=0,0,$BI18/AN16),IF(AN17=0,0,$BI18/AN17)) -> 0.115 | BL18: =IF($AJ17="t",IF(AO16=0,0,$BI18/AO16),IF(AO17=0,0,$BI18/AO17)) -> 0.115 | BM18: =IF($AJ17="t",IF(AP16=0,0,$BI18/AP16),IF(AP17=0,0,$BI18/AP17)) -> 0.115 | BN18: =IF(AJ18="t",0,INT(BJ18)) -> 0 | BO18: =IF(AJ18="t",AM18,IF(INT((BJ18-BN18)*60)<0,1,INT((BJ18-BN18)*60))) -> 6 | BP18: =IF(AJ18="t",0,ROUND((((BJ18-BN18)*60)-BO18)*60,0)) -> 54 | BQ18: =IF(AJ18="t",0,INT(BK18)) -> 0 | BR18: =IF(AJ18="t",AN18,IF(INT((BK18-BQ18)*60)<0,1,INT((BK18-BQ18)*60))) -> 6 | BS18: =IF(AJ18="t",0,ROUND((((BK18-BQ18)*60)-BR18)*60,0)) -> 54 | BT18: =IF(AJ18="t",0,INT(BL18)) -> 0 | BU18: =IF(AJ18="t",AO18,IF(INT((BL18-BT18)*60)<0,1,INT((BL18-BT18)*60))) -> 6 | BV18: =IF(AJ18="t",0,ROUND((((BL18-BT18)*60)-BU18)*60,0)) -> 54 | BW18: =IF(AJ18="t",0,INT(BM18)) -> 0 | BX18: =IF(AJ18="t",AP18,IF(INT((BM18-BW18)*60)<0,1,INT((BM18-BW18)*60))) -> 6 | BY18: =IF(AJ18="t",0,ROUND((((BM18-BW18)*60)-BX18)*60,0)) -> 54 | BZ18: =BA18+TIME(BN18,BO18,BP18) -> 0.25548611 | CA18: =BB18+TIME(BN18,BO18,BP18) -> 0.26104167 | CB18: =BC18+TIME(BQ18,BR18,BS18) -> 0.26173611 | CC18: =BD18+TIME(BQ18,BR18,BS18) -> 0.30756944 | CD18: =BE18+TIME(BT18,BU18,BV18) -> 0.30826389 | CE18: =BF18+TIME(BT18,BU18,BV18) -> 0.31868056 | CF18: =BG18+TIME(BW18,BX18,BY18) -> 0.319375 | CG18: =BH18+TIME(BW18,BX18,BY18) -> 0.31868056 | CL18: 60
A19: 26 | G19: 3.49 | H19: =ROUND(IF(G19="",N19,IF(P19="",I19,IF(R19="",(I19+(P19+O19))/2,IF(T19="",(I19+(P19+O19)+(R19+Q19))/3,(I19+(P19+O19)+(R19+Q19)+(T19+S19))/4)))),2) -> 3.5 | I19: 3.48 | J19: =IF(N19="","",IF((I19-$I$4)=0,0,((I19-$I$4-(N19-$N$4))/(I19-$I$4)))) -> -0.0057471264 | K19: =(I19-$I$5)-(N19-$N$5) -> -0.02 | L19: Kearsney College | M19: 60 | N19: =IF(P19="",((I19-I18)+H18),IF(R19="",(P19+O19),IF(T19="",((P19+O19)+(R19+Q19))/2,((P19+O19)+(R19+Q19)+(T19+S19))/3))) -> 3.5 | P19: 3.48 | R19: 3.5 | T19: 3.52 | U19: =IF(W19="","",IF(Y19="",W19,IF(AA19<1,ROUND((Y19+W19)/2,5),IF(AC19<1,ROUND((Y19+AA19+W19)/3,5),ROUND((Y19+AA19+AC19+W19)/4,5))))) | V19: =IF(X19="","",IF(Z19<1,ROUND(X19,5),IF(AB19<1,ROUND((X19+Z19)/2,5),IF(AD19<1,ROUND((X19+Z19+AB19)/3,5),ROUND((X19+Z19+AB19+AD19)/4,5))))) | AE19: =IF(A19="","",A19) -> 26 | AF19: =IF(B19="","",B19) | AG19: =IF(C19="","",C19) | AH19: =IF(D19="","",D19) | AI19: =H19 -> 3.5 | AM19: =IF(OR(AJ19="",AJ19="m"),AM18,IF(AH19<>"",AH19,"")) -> 30 | AN19: =IF(AJ19<>"",IF(AJ19="o",VLOOKUP(AM19,OpenSect!$A$1:$D$11,2),IF(AJ19="u",VLOOKUP(AM19,UpHill!$A$1:$D$35,2),IF(AJ19="d",VLOOKUP(AM19,DownHill!$A$3:$D$29,2),IF(AJ19="f",VLOOKUP(AM19,FlatUnd!$A$2:$D$30,2),IF(AJ19="t",VLOOKUP(AM19,TimeAdd!$A$1:$D$176,2),IF(AJ19="l",VLOOKUP(AM19,SLimit!$A$1:$D$8,2),AN18)))))),AN18) -> 30 | AO19: =IF(AJ19<>"",IF(AJ19="o",VLOOKUP(AM19,OpenSect!$A$1:$D$11,3),IF(AJ19="u",VLOOKUP(AM19,UpHill!$A$1:$D$35,3),IF(AJ19="d",VLOOKUP(AM19,DownHill!$A$3:$D$29,3),IF(AJ19="f",VLOOKUP(AM19,FlatUnd!$A$2:$D$30,3),IF(AJ19="t",VLOOKUP(AM19,TimeAdd!$A$1:$D$18,3),IF(AJ19="l",VLOOKUP(AM19,SLimit!$A$1:$D$8,3),AO18)))))),AO18) -> 30 | AP19: =IF(AJ19<>"",IF(AJ19="o",VLOOKUP(AM19,OpenSect!$A$1:$D$11,4),IF(AJ19="u",VLOOKUP(AM19,UpHill!$A$1:$D$35,4),IF(AJ19="d",VLOOKUP(AM19,DownHill!$A$3:$D$29,4),IF(AJ19="f",VLOOKUP(AM19,FlatUnd!$A$2:$D$30,4),IF(AJ19="t",VLOOKUP(AM19,TimeAdd!$A$1:$D$18,4),IF(AJ19="l",VLOOKUP(AM19,SLimit!$A$1:$D$8,4),AP18)))))),AP18) -> 30 | AQ19: =M19 -> 60 | AR19: =L19 -> Kearsney College | AU19: =IF(GroupStTimes!$A$8=0,MIN(CB19,CD19,CF19),MIN(BZ19,CB19,CD19,CF19)) -> 0.25555556 | AV19: =IF(GroupStTimes!$A$8=0,MAX(CC19,CE19,CG19),MAX(CA19,CC19,CE19,CG19)) -> 0.31875 | AW19: =IF(U19="","",CONCATENATE(FIXED(U19,5)," ",FIXED(V19,5))) | AX19: =IF(AJ19="m",ROUND(W19,5),"") | AY19: =IF(AJ19="m",ROUND(X19,5),"") | AZ19: =IF(AND(AM18=AM17,AN18=AN17,AO18=AO17,AP18=AP17,AJ19<>"t"),AZ18,IF(AJ19="t",AI19,AI18)) -> 0 | BA19: =IF(AND($AM18=$AM17,$AN18=AN17,$AO18=$AO17,$AP18=$AP17,$AJ19<>"t"),BA18,BZ18) -> 0.25069444 | BB19: =IF(AND($AM18=$AM17,$AN18=AN17,$AO18=$AO17,$AP18=$AP17,$AJ19<>"t"),BB18,CA18) -> 0.25625 | BC19: =IF(AND($AM18=$AM17,$AN18=AN17,$AO18=$AO17,$AP18=$AP17,$AJ19<>"t"),BC18,CB18) -> 0.25694444 | BD19: =IF(AND($AM18=$AM17,$AN18=AN17,$AO18=$AO17,$AP18=$AP17,$AJ19<>"t"),BD18,CC18) -> 0.30277778 | BE19: =IF(AND($AM18=$AM17,$AN18=AN17,$AO18=$AO17,$AP18=$AP17,$AJ19<>"t"),BE18,CD18) -> 0.30347222 | BF19: =IF(AND($AM18=$AM17,$AN18=AN17,$AO18=$AO17,$AP18=$AP17,$AJ19<>"t"),BF18,CE18) -> 0.31388889 | BG19: =IF(AND($AM18=$AM17,$AN18=AN17,$AO18=$AO17,$AP18=$AP17,$AJ19<>"t"),BG18,CF18) -> 0.31458333 | BH19: =IF(AND($AM18=$AM17,$AN18=AN17,$AO18=$AO17,$AP18=$AP17,$AJ19<>"t"),BH18,CG18) -> 0.31388889 | BI19: =AI19-AZ19 -> 3.5 | BJ19: =IF($AJ18="t",IF(AM17=0,0,$BI19/AM17),IF(AM18=0,0,$BI19/AM18)) -> 0.11666667 | BK19: =IF($AJ18="t",IF(AN17=0,0,$BI19/AN17),IF(AN18=0,0,$BI19/AN18)) -> 0.11666667 | BL19: =IF($AJ18="t",IF(AO17=0,0,$BI19/AO17),IF(AO18=0,0,$BI19/AO18)) -> 0.11666667 | BM19: =IF($AJ18="t",IF(AP17=0,0,$BI19/AP17),IF(AP18=0,0,$BI19/AP18)) -> 0.11666667 | BN19: =IF(AJ19="t",0,INT(BJ19)) -> 0 | BO19: =IF(AJ19="t",AM19,IF(INT((BJ19-BN19)*60)<0,1,INT((BJ19-BN19)*60))) -> 7 | BP19: =IF(AJ19="t",0,ROUND((((BJ19-BN19)*60)-BO19)*60,0)) -> 0 | BQ19: =IF(AJ19="t",0,INT(BK19)) -> 0 | BR19: =IF(AJ19="t",AN19,IF(INT((BK19-BQ19)*60)<0,1,INT((BK19-BQ19)*60))) -> 7 | BS19: =IF(AJ19="t",0,ROUND((((BK19-BQ19)*60)-BR19)*60,0)) -> 0 | BT19: =IF(AJ19="t",0,INT(BL19)) -> 0 | BU19: =IF(AJ19="t",AO19,IF(INT((BL19-BT19)*60)<0,1,INT((BL19-BT19)*60))) -> 7 | BV19: =IF(AJ19="t",0,ROUND((((BL19-BT19)*60)-BU19)*60,0)) -> 0 | BW19: =IF(AJ19="t",0,INT(BM19)) -> 0 | BX19: =IF(AJ19="t",AP19,IF(INT((BM19-BW19)*60)<0,1,INT((BM19-BW19)*60))) -> 7 | BY19: =IF(AJ19="t",0,ROUND((((BM19-BW19)*60)-BX19)*60,0)) -> 0 | BZ19: =BA19+TIME(BN19,BO19,BP19) -> 0.25555556 | CA19: =BB19+TIME(BN19,BO19,BP19) -> 0.26111111 | CB19: =BC19+TIME(BQ19,BR19,BS19) -> 0.26180556 | CC19: =BD19+TIME(BQ19,BR19,BS19) -> 0.30763889 | CD19: =BE19+TIME(BT19,BU19,BV19) -> 0.30833333 | CE19: =BF19+TIME(BT19,BU19,BV19) -> 0.31875 | CF19: =BG19+TIME(BW19,BX19,BY19) -> 0.31944444 | CG19: =BH19+TIME(BW19,BX19,BY19) -> 0.31875 | CL19: 60
G20: 3.59 | H20: =ROUND(IF(G20="",N20,IF(P20="",I20,IF(R20="",(I20+(P20+O20))/2,IF(T20="",(I20+(P20+O20)+(R20+Q20))/3,(I20+(P20+O20)+(R20+Q20)+(T20+S20))/4)))),2) -> 3.57 | I20: 3.55 | J20: =IF(N20="","",IF((I20-$I$4)=0,0,((I20-$I$4-(N20-$N$4))/(I20-$I$4)))) -> -0.0075117371 | K20: =(I20-$I$5)-(N20-$N$5) -> -0.026666667 | L20: Kearsney College | M20: 60 | N20: =IF(P20="",((I20-I19)+H19),IF(R20="",(P20+O20),IF(T20="",((P20+O20)+(R20+Q20))/2,((P20+O20)+(R20+Q20)+(T20+S20))/3))) -> 3.5766667 | P20: 3.55 | R20: 3.59 | S20: 3.58 | T20: 0.01 | U20: =IF(W20="","",IF(Y20="",W20,IF(AA20<1,ROUND((Y20+W20)/2,5),IF(AC20<1,ROUND((Y20+AA20+W20)/3,5),ROUND((Y20+AA20+AC20+W20)/4,5))))) | V20: =IF(X20="","",IF(Z20<1,ROUND(X20,5),IF(AB20<1,ROUND((X20+Z20)/2,5),IF(AD20<1,ROUND((X20+Z20+AB20)/3,5),ROUND((X20+Z20+AB20+AD20)/4,5))))) | AE20: =IF(A20="","",A20) | AF20: =IF(B20="","",B20) | AG20: =IF(C20="","",C20) | AH20: =IF(D20="","",D20) | AI20: =H20 -> 3.57 | AM20: =IF(OR(AJ20="",AJ20="m"),AM19,IF(AH20<>"",AH20,"")) -> 30 | AN20: =IF(AJ20<>"",IF(AJ20="o",VLOOKUP(AM20,OpenSect!$A$1:$D$11,2),IF(AJ20="u",VLOOKUP(AM20,UpHill!$A$1:$D$35,2),IF(AJ20="d",VLOOKUP(AM20,DownHill!$A$3:$D$29,2),IF(AJ20="f",VLOOKUP(AM20,FlatUnd!$A$2:$D$30,2),IF(AJ20="t",VLOOKUP(AM20,TimeAdd!$A$1:$D$176,2),IF(AJ20="l",VLOOKUP(AM20,SLimit!$A$1:$D$8,2),AN19)))))),AN19) -> 30 | AO20: =IF(AJ20<>"",IF(AJ20="o",VLOOKUP(AM20,OpenSect!$A$1:$D$11,3),IF(AJ20="u",VLOOKUP(AM20,UpHill!$A$1:$D$35,3),IF(AJ20="d",VLOOKUP(AM20,DownHill!$A$3:$D$29,3),IF(AJ20="f",VLOOKUP(AM20,FlatUnd!$A$2:$D$30,3),IF(AJ20="t",VLOOKUP(AM20,TimeAdd!$A$1:$D$18,3),IF(AJ20="l",VLOOKUP(AM20,SLimit!$A$1:$D$8,3),AO19)))))),AO19) -> 30 | AP20: =IF(AJ20<>"",IF(AJ20="o",VLOOKUP(AM20,OpenSect!$A$1:$D$11,4),IF(AJ20="u",VLOOKUP(AM20,UpHill!$A$1:$D$35,4),IF(AJ20="d",VLOOKUP(AM20,DownHill!$A$3:$D$29,4),IF(AJ20="f",VLOOKUP(AM20,FlatUnd!$A$2:$D$30,4),IF(AJ20="t",VLOOKUP(AM20,TimeAdd!$A$1:$D$18,4),IF(AJ20="l",VLOOKUP(AM20,SLimit!$A$1:$D$8,4),AP19)))))),AP19) -> 30 | AQ20: =M20 -> 60 | AR20: =L20 -> Kearsney College | AU20: =IF(GroupStTimes!$A$8=0,MIN(CB20,CD20,CF20),MIN(BZ20,CB20,CD20,CF20)) -> 0.25564815 | AV20: =IF(GroupStTimes!$A$8=0,MAX(CC20,CE20,CG20),MAX(CA20,CC20,CE20,CG20)) -> 0.31884259 | AW20: =IF(U20="","",CONCATENATE(FIXED(U20,5)," ",FIXED(V20,5))) | AX20: =IF(AJ20="m",ROUND(W20,5),"") | AY20: =IF(AJ20="m",ROUND(X20,5),"") | AZ20: =IF(AND(AM19=AM18,AN19=AN18,AO19=AO18,AP19=AP18,AJ20<>"t"),AZ19,IF(AJ20="t",AI20,AI19)) -> 0 | BA20: =IF(AND($AM19=$AM18,$AN19=AN18,$AO19=$AO18,$AP19=$AP18,$AJ20<>"t"),BA19,BZ19) -> 0.25069444 | BB20: =IF(AND($AM19=$AM18,$AN19=AN18,$AO19=$AO18,$AP19=$AP18,$AJ20<>"t"),BB19,CA19) -> 0.25625 | BC20: =IF(AND($AM19=$AM18,$AN19=AN18,$AO19=$AO18,$AP19=$AP18,$AJ20<>"t"),BC19,CB19) -> 0.25694444 | BD20: =IF(AND($AM19=$AM18,$AN19=AN18,$AO19=$AO18,$AP19=$AP18,$AJ20<>"t"),BD19,CC19) -> 0.30277778 | BE20: =IF(AND($AM19=$AM18,$AN19=AN18,$AO19=$AO18,$AP19=$AP18,$AJ20<>"t"),BE19,CD19) -> 0.30347222 | BF20: =IF(AND($AM19=$AM18,$AN19=AN18,$AO19=$AO18,$AP19=$AP18,$AJ20<>"t"),BF19,CE19) -> 0.31388889 | BG20: =IF(AND($AM19=$AM18,$AN19=AN18,$AO19=$AO18,$AP19=$AP18,$AJ20<>"t"),BG19,CF19) -> 0.31458333 | BH20: =IF(AND($AM19=$AM18,$AN19=AN18,$AO19=$AO18,$AP19=$AP18,$AJ20<>"t"),BH19,CG19) -> 0.31388889 | BI20: =AI20-AZ20 -> 3.57 | BJ20: =IF($AJ19="t",IF(AM18=0,0,$BI20/AM18),IF(AM19=0,0,$BI20/AM19)) -> 0.119 | BK20: =IF($AJ19="t",IF(AN18=0,0,$BI20/AN18),IF(AN19=0,0,$BI20/AN19)) -> 0.119 | BL20: =IF($AJ19="t",IF(AO18=0,0,$BI20/AO18),IF(AO19=0,0,$BI20/AO19)) -> 0.119 | BM20: =IF($AJ19="t",IF(AP18=0,0,$BI20/AP18),IF(AP19=0,0,$BI20/AP19)) -> 0.119 | BN20: =IF(AJ20="t",0,INT(BJ20)) -> 0 | BO20: =IF(AJ20="t",AM20,IF(INT((BJ20-BN20)*60)<0,1,INT((BJ20-BN20)*60))) -> 7 | BP20: =IF(AJ20="t",0,ROUND((((BJ20-BN20)*60)-BO20)*60,0)) -> 8 | BQ20: =IF(AJ20="t",0,INT(BK20)) -> 0 | BR20: =IF(AJ20="t",AN20,IF(INT((BK20-BQ20)*60)<0,1,INT((BK20-BQ20)*60))) -> 7 | BS20: =IF(AJ20="t",0,ROUND((((BK20-BQ20)*60)-BR20)*60,0)) -> 8 | BT20: =IF(AJ20="t",0,INT(BL20)) -> 0 | BU20: =IF(AJ20="t",AO20,IF(INT((BL20-BT20)*60)<0,1,INT((BL20-BT20)*60))) -> 7 | BV20: =IF(AJ20="t",0,ROUND((((BL20-BT20)*60)-BU20)*60,0)) -> 8 | BW20: =IF(AJ20="t",0,INT(BM20)) -> 0 | BX20: =IF(AJ20="t",AP20,IF(INT((BM20-BW20)*60)<0,1,INT((BM20-BW20)*60))) -> 7 | BY20: =IF(AJ20="t",0,ROUND((((BM20-BW20)*60)-BX20)*60,0)) -> 8 | BZ20: =BA20+TIME(BN20,BO20,BP20) -> 0.25564815 | CA20: =BB20+TIME(BN20,BO20,BP20) -> 0.2612037 | CB20: =BC20+TIME(BQ20,BR20,BS20) -> 0.26189815 | CC20: =BD20+TIME(BQ20,BR20,BS20) -> 0.30773148 | CD20: =BE20+TIME(BT20,BU20,BV20) -> 0.30842593 | CE20: =BF20+TIME(BT20,BU20,BV20) -> 0.31884259 | CF20: =BG20+TIME(BW20,BX20,BY20) -> 0.31953704 | CG20: =BH20+TIME(BW20,BX20,BY20) -> 0.31884259 | CL20: 60
A21: 26 | G21: 3.64 | H21: =ROUND(IF(G21="",N21,IF(P21="",I21,IF(R21="",(I21+(P21+O21))/2,IF(T21="",(I21+(P21+O21)+(R21+Q21))/3,(I21+(P21+O21)+(R21+Q21)+(T21+S21))/4)))),2) -> 3.63 | I21: 3.59 | J21: =IF(N21="","",IF((I21-$I$4)=0,0,((I21-$I$4-(N21-$N$4))/(I21-$I$4)))) -> -0.012999071 | K21: =(I21-$I$5)-(N21-$N$5) -> -0.046666667 | L21: Prohibition - Stopping Prohibited | M21: 60 | N21: =IF(P21="",((I21-I20)+H20),IF(R21="",(P21+O21),IF(T21="",((P21+O21)+(R21+Q21))/2,((P21+O21)+(R21+Q21)+(T21+S21))/3))) -> 3.6366667 | P21: 3.59 | R21: 3.65 | T21: 3.67 | U21: =IF(W21="","",IF(Y21="",W21,IF(AA21<1,ROUND((Y21+W21)/2,5),IF(AC21<1,ROUND((Y21+AA21+W21)/3,5),ROUND((Y21+AA21+AC21+W21)/4,5))))) | V21: =IF(X21="","",IF(Z21<1,ROUND(X21,5),IF(AB21<1,ROUND((X21+Z21)/2,5),IF(AD21<1,ROUND((X21+Z21+AB21)/3,5),ROUND((X21+Z21+AB21+AD21)/4,5))))) | AE21: =IF(A21="","",A21) -> 26 | AF21: =IF(B21="","",B21) | AG21: =IF(C21="","",C21) | AH21: =IF(D21="","",D21) | AI21: =H21 -> 3.63 | AM21: =IF(OR(AJ21="",AJ21="m"),AM20,IF(AH21<>"",AH21,"")) -> 30 | AN21: =IF(AJ21<>"",IF(AJ21="o",VLOOKUP(AM21,OpenSect!$A$1:$D$11,2),IF(AJ21="u",VLOOKUP(AM21,UpHill!$A$1:$D$35,2),IF(AJ21="d",VLOOKUP(AM21,DownHill!$A$3:$D$29,2),IF(AJ21="f",VLOOKUP(AM21,FlatUnd!$A$2:$D$30,2),IF(AJ21="t",VLOOKUP(AM21,TimeAdd!$A$1:$D$176,2),IF(AJ21="l",VLOOKUP(AM21,SLimit!$A$1:$D$8,2),AN20)))))),AN20) -> 30 | AO21: =IF(AJ21<>"",IF(AJ21="o",VLOOKUP(AM21,OpenSect!$A$1:$D$11,3),IF(AJ21="u",VLOOKUP(AM21,UpHill!$A$1:$D$35,3),IF(AJ21="d",VLOOKUP(AM21,DownHill!$A$3:$D$29,3),IF(AJ21="f",VLOOKUP(AM21,FlatUnd!$A$2:$D$30,3),IF(AJ21="t",VLOOKUP(AM21,TimeAdd!$A$1:$D$18,3),IF(AJ21="l",VLOOKUP(AM21,SLimit!$A$1:$D$8,3),AO20)))))),AO20) -> 30 | AP21: =IF(AJ21<>"",IF(AJ21="o",VLOOKUP(AM21,OpenSect!$A$1:$D$11,4),IF(AJ21="u",VLOOKUP(AM21,UpHill!$A$1:$D$35,4),IF(AJ21="d",VLOOKUP(AM21,DownHill!$A$3:$D$29,4),IF(AJ21="f",VLOOKUP(AM21,FlatUnd!$A$2:$D$30,4),IF(AJ21="t",VLOOKUP(AM21,TimeAdd!$A$1:$D$18,4),IF(AJ21="l",VLOOKUP(AM21,SLimit!$A$1:$D$8,4),AP20)))))),AP20) -> 30 | AQ21: =M21 -> 60 | AR21: =L21 -> Prohibition - Stopping Prohibited | AU21: =IF(GroupStTimes!$A$8=0,MIN(CB21,CD21,CF21),MIN(BZ21,CB21,CD21,CF21)) -> 0.25574074 | AV21: =IF(GroupStTimes!$A$8=0,MAX(CC21,CE21,CG21),MAX(CA21,CC21,CE21,CG21)) -> 0.31893519 | AW21: =IF(U21="","",CONCATENATE(FIXED(U21,5)," ",FIXED(V21,5))) | AX21: =IF(AJ21="m",ROUND(W21,5),"") | AY21: =IF(AJ21="m",ROUND(X21,5),"") | AZ21: =IF(AND(AM20=AM19,AN20=AN19,AO20=AO19,AP20=AP19,AJ21<>"t"),AZ20,IF(AJ21="t",AI21,AI20)) -> 0 | BA21: =IF(AND($AM20=$AM19,$AN20=AN19,$AO20=$AO19,$AP20=$AP19,$AJ21<>"t"),BA20,BZ20) -> 0.25069444 | BB21: =IF(AND($AM20=$AM19,$AN20=AN19,$AO20=$AO19,$AP20=$AP19,$AJ21<>"t"),BB20,CA20) -> 0.25625 | BC21: =IF(AND($AM20=$AM19,$AN20=AN19,$AO20=$AO19,$AP20=$AP19,$AJ21<>"t"),BC20,CB20) -> 0.25694444 | BD21: =IF(AND($AM20=$AM19,$AN20=AN19,$AO20=$AO19,$AP20=$AP19,$AJ21<>"t"),BD20,CC20) -> 0.30277778 | BE21: =IF(AND($AM20=$AM19,$AN20=AN19,$AO20=$AO19,$AP20=$AP19,$AJ21<>"t"),BE20,CD20) -> 0.30347222 | BF21: =IF(AND($AM20=$AM19,$AN20=AN19,$AO20=$AO19,$AP20=$AP19,$AJ21<>"t"),BF20,CE20) -> 0.31388889 | BG21: =IF(AND($AM20=$AM19,$AN20=AN19,$AO20=$AO19,$AP20=$AP19,$AJ21<>"t"),BG20,CF20) -> 0.31458333 | BH21: =IF(AND($AM20=$AM19,$AN20=AN19,$AO20=$AO19,$AP20=$AP19,$AJ21<>"t"),BH20,CG20) -> 0.31388889 | BI21: =AI21-AZ21 -> 3.63 | BJ21: =IF($AJ20="t",IF(AM19=0,0,$BI21/AM19),IF(AM20=0,0,$BI21/AM20)) -> 0.121 | BK21: =IF($AJ20="t",IF(AN19=0,0,$BI21/AN19),IF(AN20=0,0,$BI21/AN20)) -> 0.121 | BL21: =IF($AJ20="t",IF(AO19=0,0,$BI21/AO19),IF(AO20=0,0,$BI21/AO20)) -> 0.121 | BM21: =IF($AJ20="t",IF(AP19=0,0,$BI21/AP19),IF(AP20=0,0,$BI21/AP20)) -> 0.121 | BN21: =IF(AJ21="t",0,INT(BJ21)) -> 0 | BO21: =IF(AJ21="t",AM21,IF(INT((BJ21-BN21)*60)<0,1,INT((BJ21-BN21)*60))) -> 7 | BP21: =IF(AJ21="t",0,ROUND((((BJ21-BN21)*60)-BO21)*60,0)) -> 16 | BQ21: =IF(AJ21="t",0,INT(BK21)) -> 0 | BR21: =IF(AJ21="t",AN21,IF(INT((BK21-BQ21)*60)<0,1,INT((BK21-BQ21)*60))) -> 7 | BS21: =IF(AJ21="t",0,ROUND((((BK21-BQ21)*60)-BR21)*60,0)) -> 16 | BT21: =IF(AJ21="t",0,INT(BL21)) -> 0 | BU21: =IF(AJ21="t",AO21,IF(INT((BL21-BT21)*60)<0,1,INT((BL21-BT21)*60))) -> 7 | BV21: =IF(AJ21="t",0,ROUND((((BL21-BT21)*60)-BU21)*60,0)) -> 16 | BW21: =IF(AJ21="t",0,INT(BM21)) -> 0 | BX21: =IF(AJ21="t",AP21,IF(INT((BM21-BW21)*60)<0,1,INT((BM21-BW21)*60))) -> 7 | BY21: =IF(AJ21="t",0,ROUND((((BM21-BW21)*60)-BX21)*60,0)) -> 16 | BZ21: =BA21+TIME(BN21,BO21,BP21) -> 0.25574074 | CA21: =BB21+TIME(BN21,BO21,BP21) -> 0.2612963 | CB21: =BC21+TIME(BQ21,BR21,BS21) -> 0.26199074 | CC21: =BD21+TIME(BQ21,BR21,BS21) -> 0.30782407 | CD21: =BE21+TIME(BT21,BU21,BV21) -> 0.30851852 | CE21: =BF21+TIME(BT21,BU21,BV21) -> 0.31893519 | CF21: =BG21+TIME(BW21,BX21,BY21) -> 0.31962963 | CG21: =BH21+TIME(BW21,BX21,BY21) -> 0.31893519 | CL21: 60
A22: 26 | G22: 3.7 | H22: =ROUND(IF(G22="",N22,IF(P22="",I22,IF(R22="",(I22+(P22+O22))/2,IF(T22="",(I22+(P22+O22)+(R22+Q22))/3,(I22+(P22+O22)+(R22+Q22)+(T22+S22))/4)))),2) -> 3.72 | I22: 3.71 | J22: =IF(N22="","",IF((I22-$I$4)=0,0,((I22-$I$4-(N22-$N$4))/(I22-$I$4)))) -> -0.0017969452 | K22: =(I22-$I$5)-(N22-$N$5) -> -0.0066666667 | L22: Prohibition - Stopping Prohibited | M22: 60 | N22: =IF(P22="",((I22-I21)+H21),IF(R22="",(P22+O22),IF(T22="",((P22+O22)+(R22+Q22))/2,((P22+O22)+(R22+Q22)+(T22+S22))/3))) -> 3.7166667 | P22: 3.71 | R22: 3.71 | T22: 3.73 | U22: =IF(W22="","",IF(Y22="",W22,IF(AA22<1,ROUND((Y22+W22)/2,5),IF(AC22<1,ROUND((Y22+AA22+W22)/3,5),ROUND((Y22+AA22+AC22+W22)/4,5))))) | V22: =IF(X22="","",IF(Z22<1,ROUND(X22,5),IF(AB22<1,ROUND((X22+Z22)/2,5),IF(AD22<1,ROUND((X22+Z22+AB22)/3,5),ROUND((X22+Z22+AB22+AD22)/4,5))))) | AE22: =IF(A22="","",A22) -> 26 | AF22: =IF(B22="","",B22) | AG22: =IF(C22="","",C22) | AH22: =IF(D22="","",D22) | AI22: =H22 -> 3.72 | AM22: =IF(OR(AJ22="",AJ22="m"),AM21,IF(AH22<>"",AH22,"")) -> 30 | AN22: =IF(AJ22<>"",IF(AJ22="o",VLOOKUP(AM22,OpenSect!$A$1:$D$11,2),IF(AJ22="u",VLOOKUP(AM22,UpHill!$A$1:$D$35,2),IF(AJ22="d",VLOOKUP(AM22,DownHill!$A$3:$D$29,2),IF(AJ22="f",VLOOKUP(AM22,FlatUnd!$A$2:$D$30,2),IF(AJ22="t",VLOOKUP(AM22,TimeAdd!$A$1:$D$176,2),IF(AJ22="l",VLOOKUP(AM22,SLimit!$A$1:$D$8,2),AN21)))))),AN21) -> 30 | AO22: =IF(AJ22<>"",IF(AJ22="o",VLOOKUP(AM22,OpenSect!$A$1:$D$11,3),IF(AJ22="u",VLOOKUP(AM22,UpHill!$A$1:$D$35,3),IF(AJ22="d",VLOOKUP(AM22,DownHill!$A$3:$D$29,3),IF(AJ22="f",VLOOKUP(AM22,FlatUnd!$A$2:$D$30,3),IF(AJ22="t",VLOOKUP(AM22,TimeAdd!$A$1:$D$18,3),IF(AJ22="l",VLOOKUP(AM22,SLimit!$A$1:$D$8,3),AO21)))))),AO21) -> 30 | AP22: =IF(AJ22<>"",IF(AJ22="o",VLOOKUP(AM22,OpenSect!$A$1:$D$11,4),IF(AJ22="u",VLOOKUP(AM22,UpHill!$A$1:$D$35,4),IF(AJ22="d",VLOOKUP(AM22,DownHill!$A$3:$D$29,4),IF(AJ22="f",VLOOKUP(AM22,FlatUnd!$A$2:$D$30,4),IF(AJ22="t",VLOOKUP(AM22,TimeAdd!$A$1:$D$18,4),IF(AJ22="l",VLOOKUP(AM22,SLimit!$A$1:$D$8,4),AP21)))))),AP21) -> 30 | AQ22: =M22 -> 60 | AR22: =L22 -> Prohibition - Stopping Prohibited | AU22: =IF(GroupStTimes!$A$8=0,MIN(CB22,CD22,CF22),MIN(BZ22,CB22,CD22,CF22)) -> 0.25585648 | AV22: =IF(GroupStTimes!$A$8=0,MAX(CC22,CE22,CG22),MAX(CA22,CC22,CE22,CG22)) -> 0.31905093 | AW22: =IF(U22="","",CONCATENATE(FIXED(U22,5)," ",FIXED(V22,5))) | AX22: =IF(AJ22="m",ROUND(W22,5),"") | AY22: =IF(AJ22="m",ROUND(X22,5),"") | AZ22: =IF(AND(AM21=AM20,AN21=AN20,AO21=AO20,AP21=AP20,AJ22<>"t"),AZ21,IF(AJ22="t",AI22,AI21)) -> 0 | BA22: =IF(AND($AM21=$AM20,$AN21=AN20,$AO21=$AO20,$AP21=$AP20,$AJ22<>"t"),BA21,BZ21) -> 0.25069444 | BB22: =IF(AND($AM21=$AM20,$AN21=AN20,$AO21=$AO20,$AP21=$AP20,$AJ22<>"t"),BB21,CA21) -> 0.25625 | BC22: =IF(AND($AM21=$AM20,$AN21=AN20,$AO21=$AO20,$AP21=$AP20,$AJ22<>"t"),BC21,CB21) -> 0.25694444 | BD22: =IF(AND($AM21=$AM20,$AN21=AN20,$AO21=$AO20,$AP21=$AP20,$AJ22<>"t"),BD21,CC21) -> 0.30277778 | BE22: =IF(AND($AM21=$AM20,$AN21=AN20,$AO21=$AO20,$AP21=$AP20,$AJ22<>"t"),BE21,CD21) -> 0.30347222 | BF22: =IF(AND($AM21=$AM20,$AN21=AN20,$AO21=$AO20,$AP21=$AP20,$AJ22<>"t"),BF21,CE21) -> 0.31388889 | BG22: =IF(AND($AM21=$AM20,$AN21=AN20,$AO21=$AO20,$AP21=$AP20,$AJ22<>"t"),BG21,CF21) -> 0.31458333 | BH22: =IF(AND($AM21=$AM20,$AN21=AN20,$AO21=$AO20,$AP21=$AP20,$AJ22<>"t"),BH21,CG21) -> 0.31388889 | BI22: =AI22-AZ22 -> 3.72 | BJ22: =IF($AJ21="t",IF(AM20=0,0,$BI22/AM20),IF(AM21=0,0,$BI22/AM21)) -> 0.124 | BK22: =IF($AJ21="t",IF(AN20=0,0,$BI22/AN20),IF(AN21=0,0,$BI22/AN21)) -> 0.124 | BL22: =IF($AJ21="t",IF(AO20=0,0,$BI22/AO20),IF(AO21=0,0,$BI22/AO21)) -> 0.124 | BM22: =IF($AJ21="t",IF(AP20=0,0,$BI22/AP20),IF(AP21=0,0,$BI22/AP21)) -> 0.124 | BN22: =IF(AJ22="t",0,INT(BJ22)) -> 0 | BO22: =IF(AJ22="t",AM22,IF(INT((BJ22-BN22)*60)<0,1,INT((BJ22-BN22)*60))) -> 7 | BP22: =IF(AJ22="t",0,ROUND((((BJ22-BN22)*60)-BO22)*60,0)) -> 26 | BQ22: =IF(AJ22="t",0,INT(BK22)) -> 0 | BR22: =IF(AJ22="t",AN22,IF(INT((BK22-BQ22)*60)<0,1,INT((BK22-BQ22)*60))) -> 7 | BS22: =IF(AJ22="t",0,ROUND((((BK22-BQ22)*60)-BR22)*60,0)) -> 26 | BT22: =IF(AJ22="t",0,INT(BL22)) -> 0 | BU22: =IF(AJ22="t",AO22,IF(INT((BL22-BT22)*60)<0,1,INT((BL22-BT22)*60))) -> 7 | BV22: =IF(AJ22="t",0,ROUND((((BL22-BT22)*60)-BU22)*60,0)) -> 26 | BW22: =IF(AJ22="t",0,INT(BM22)) -> 0 | BX22: =IF(AJ22="t",AP22,IF(INT((BM22-BW22)*60)<0,1,INT((BM22-BW22)*60))) -> 7 | BY22: =IF(AJ22="t",0,ROUND((((BM22-BW22)*60)-BX22)*60,0)) -> 26 | BZ22: =BA22+TIME(BN22,BO22,BP22) -> 0.25585648 | CA22: =BB22+TIME(BN22,BO22,BP22) -> 0.26141204 | CB22: =BC22+TIME(BQ22,BR22,BS22) -> 0.26210648 | CC22: =BD22+TIME(BQ22,BR22,BS22) -> 0.30793981 | CD22: =BE22+TIME(BT22,BU22,BV22) -> 0.30863426 | CE22: =BF22+TIME(BT22,BU22,BV22) -> 0.31905093 | CF22: =BG22+TIME(BW22,BX22,BY22) -> 0.31974537 | CG22: =BH22+TIME(BW22,BX22,BY22) -> 0.31905093 | CL22: 60
A23: 26 | G23: 3.88 | H23: =ROUND(IF(G23="",N23,IF(P23="",I23,IF(R23="",(I23+(P23+O23))/2,IF(T23="",(I23+(P23+O23)+(R23+Q23))/3,(I23+(P23+O23)+(R23+Q23)+(T23+S23))/4)))),2) -> 3.87 | I23: 3.83 | J23: =IF(N23="","",IF((I23-$I$4)=0,0,((I23-$I$4-(N23-$N$4))/(I23-$I$4)))) -> -0.012184508 | K23: =(I23-$I$5)-(N23-$N$5) -> -0.046666667 | L23: No Dumping / Geen Storting | M23: 60 | N23: =IF(P23="",((I23-I22)+H22),IF(R23="",(P23+O23),IF(T23="",((P23+O23)+(R23+Q23))/2,((P23+O23)+(R23+Q23)+(T23+S23))/3))) -> 3.8766667 | P23: 3.83 | R23: 3.89 | T23: 3.91 | U23: =IF(W23="","",IF(Y23="",W23,IF(AA23<1,ROUND((Y23+W23)/2,5),IF(AC23<1,ROUND((Y23+AA23+W23)/3,5),ROUND((Y23+AA23+AC23+W23)/4,5))))) | V23: =IF(X23="","",IF(Z23<1,ROUND(X23,5),IF(AB23<1,ROUND((X23+Z23)/2,5),IF(AD23<1,ROUND((X23+Z23+AB23)/3,5),ROUND((X23+Z23+AB23+AD23)/4,5))))) | AE23: =IF(A23="","",A23) -> 26 | AF23: =IF(B23="","",B23) | AG23: =IF(C23="","",C23) | AH23: =IF(D23="","",D23) | AI23: =H23 -> 3.87 | AM23: =IF(OR(AJ23="",AJ23="m"),AM22,IF(AH23<>"",AH23,"")) -> 30 | AN23: =IF(AJ23<>"",IF(AJ23="o",VLOOKUP(AM23,OpenSect!$A$1:$D$11,2),IF(AJ23="u",VLOOKUP(AM23,UpHill!$A$1:$D$35,2),IF(AJ23="d",VLOOKUP(AM23,DownHill!$A$3:$D$29,2),IF(AJ23="f",VLOOKUP(AM23,FlatUnd!$A$2:$D$30,2),IF(AJ23="t",VLOOKUP(AM23,TimeAdd!$A$1:$D$176,2),IF(AJ23="l",VLOOKUP(AM23,SLimit!$A$1:$D$8,2),AN22)))))),AN22) -> 30 | AO23: =IF(AJ23<>"",IF(AJ23="o",VLOOKUP(AM23,OpenSect!$A$1:$D$11,3),IF(AJ23="u",VLOOKUP(AM23,UpHill!$A$1:$D$35,3),IF(AJ23="d",VLOOKUP(AM23,DownHill!$A$3:$D$29,3),IF(AJ23="f",VLOOKUP(AM23,FlatUnd!$A$2:$D$30,3),IF(AJ23="t",VLOOKUP(AM23,TimeAdd!$A$1:$D$18,3),IF(AJ23="l",VLOOKUP(AM23,SLimit!$A$1:$D$8,3),AO22)))))),AO22) -> 30 | AP23: =IF(AJ23<>"",IF(AJ23="o",VLOOKUP(AM23,OpenSect!$A$1:$D$11,4),IF(AJ23="u",VLOOKUP(AM23,UpHill!$A$1:$D$35,4),IF(AJ23="d",VLOOKUP(AM23,DownHill!$A$3:$D$29,4),IF(AJ23="f",VLOOKUP(AM23,FlatUnd!$A$2:$D$30,4),IF(AJ23="t",VLOOKUP(AM23,TimeAdd!$A$1:$D$18,4),IF(AJ23="l",VLOOKUP(AM23,SLimit!$A$1:$D$8,4),AP22)))))),AP22) -> 30 | AQ23: =M23 -> 60 | AR23: =L23 -> No Dumping / Geen Storting | AU23: =IF(GroupStTimes!$A$8=0,MIN(CB23,CD23,CF23),MIN(BZ23,CB23,CD23,CF23)) -> 0.25606481 | AV23: =IF(GroupStTimes!$A$8=0,MAX(CC23,CE23,CG23),MAX(CA23,CC23,CE23,CG23)) -> 0.31925926 | AW23: =IF(U23="","",CONCATENATE(FIXED(U23,5)," ",FIXED(V23,5))) | AX23: =IF(AJ23="m",ROUND(W23,5),"") | AY23: =IF(AJ23="m",ROUND(X23,5),"") | AZ23: =IF(AND(AM22=AM21,AN22=AN21,AO22=AO21,AP22=AP21,AJ23<>"t"),AZ22,IF(AJ23="t",AI23,AI22)) -> 0 | BA23: =IF(AND($AM22=$AM21,$AN22=AN21,$AO22=$AO21,$AP22=$AP21,$AJ23<>"t"),BA22,BZ22) -> 0.25069444 | BB23: =IF(AND($AM22=$AM21,$AN22=AN21,$AO22=$AO21,$AP22=$AP21,$AJ23<>"t"),BB22,CA22) -> 0.25625 | BC23: =IF(AND($AM22=$AM21,$AN22=AN21,$AO22=$AO21,$AP22=$AP21,$AJ23<>"t"),BC22,CB22) -> 0.25694444 | BD23: =IF(AND($AM22=$AM21,$AN22=AN21,$AO22=$AO21,$AP22=$AP21,$AJ23<>"t"),BD22,CC22) -> 0.30277778 | BE23: =IF(AND($AM22=$AM21,$AN22=AN21,$AO22=$AO21,$AP22=$AP21,$AJ23<>"t"),BE22,CD22) -> 0.30347222 | BF23: =IF(AND($AM22=$AM21,$AN22=AN21,$AO22=$AO21,$AP22=$AP21,$AJ23<>"t"),BF22,CE22) -> 0.31388889 | BG23: =IF(AND($AM22=$AM21,$AN22=AN21,$AO22=$AO21,$AP22=$AP21,$AJ23<>"t"),BG22,CF22) -> 0.31458333 | BH23: =IF(AND($AM22=$AM21,$AN22=AN21,$AO22=$AO21,$AP22=$AP21,$AJ23<>"t"),BH22,CG22) -> 0.31388889 | BI23: =AI23-AZ23 -> 3.87 | BJ23: =IF($AJ22="t",IF(AM21=0,0,$BI23/AM21),IF(AM22=0,0,$BI23/AM22)) -> 0.129 | BK23: =IF($AJ22="t",IF(AN21=0,0,$BI23/AN21),IF(AN22=0,0,$BI23/AN22)) -> 0.129 | BL23: =IF($AJ22="t",IF(AO21=0,0,$BI23/AO21),IF(AO22=0,0,$BI23/AO22)) -> 0.129 | BM23: =IF($AJ22="t",IF(AP21=0,0,$BI23/AP21),IF(AP22=0,0,$BI23/AP22)) -> 0.129 | BN23: =IF(AJ23="t",0,INT(BJ23)) -> 0 | BO23: =IF(AJ23="t",AM23,IF(INT((BJ23-BN23)*60)<0,1,INT((BJ23-BN23)*60))) -> 7 | BP23: =IF(AJ23="t",0,ROUND((((BJ23-BN23)*60)-BO23)*60,0)) -> 44 | BQ23: =IF(AJ23="t",0,INT(BK23)) -> 0 | BR23: =IF(AJ23="t",AN23,IF(INT((BK23-BQ23)*60)<0,1,INT((BK23-BQ23)*60))) -> 7 | BS23: =IF(AJ23="t",0,ROUND((((BK23-BQ23)*60)-BR23)*60,0)) -> 44 | BT23: =IF(AJ23="t",0,INT(BL23)) -> 0 | BU23: =IF(AJ23="t",AO23,IF(INT((BL23-BT23)*60)<0,1,INT((BL23-BT23)*60))) -> 7 | BV23: =IF(AJ23="t",0,ROUND((((BL23-BT23)*60)-BU23)*60,0)) -> 44 | BW23: =IF(AJ23="t",0,INT(BM23)) -> 0 | BX23: =IF(AJ23="t",AP23,IF(INT((BM23-BW23)*60)<0,1,INT((BM23-BW23)*60))) -> 7 | BY23: =IF(AJ23="t",0,ROUND((((BM23-BW23)*60)-BX23)*60,0)) -> 44 | BZ23: =BA23+TIME(BN23,BO23,BP23) -> 0.25606481 | CA23: =BB23+TIME(BN23,BO23,BP23) -> 0.26162037 | CB23: =BC23+TIME(BQ23,BR23,BS23) -> 0.26231481 | CC23: =BD23+TIME(BQ23,BR23,BS23) -> 0.30814815 | CD23: =BE23+TIME(BT23,BU23,BV23) -> 0.30884259 | CE23: =BF23+TIME(BT23,BU23,BV23) -> 0.31925926 | CF23: =BG23+TIME(BW23,BX23,BY23) -> 0.3199537 | CG23: =BH23+TIME(BW23,BX23,BY23) -> 0.31925926 | CL23: 60
A24: 26 | G24: 3.99 | H24: =ROUND(IF(G24="",N24,IF(P24="",I24,IF(R24="",(I24+(P24+O24))/2,IF(T24="",(I24+(P24+O24)+(R24+Q24))/3,(I24+(P24+O24)+(R24+Q24)+(T24+S24))/4)))),2) -> 3.98 | I24: 3.94 | J24: =IF(N24="","",IF((I24-$I$4)=0,0,((I24-$I$4-(N24-$N$4))/(I24-$I$4)))) -> -0.011844332 | K24: =(I24-$I$5)-(N24-$N$5) -> -0.046666667 | L24: Warning - Sharp Curve {Right} | M24: 60 | N24: =IF(P24="",((I24-I23)+H23),IF(R24="",(P24+O24),IF(T24="",((P24+O24)+(R24+Q24))/2,((P24+O24)+(R24+Q24)+(T24+S24))/3))) -> 3.9866667 | P24: 3.94 | R24: 4 | T24: 4.02 | U24: =IF(W24="","",IF(Y24="",W24,IF(AA24<1,ROUND((Y24+W24)/2,5),IF(AC24<1,ROUND((Y24+AA24+W24)/3,5),ROUND((Y24+AA24+AC24+W24)/4,5))))) | V24: =IF(X24="","",IF(Z24<1,ROUND(X24,5),IF(AB24<1,ROUND((X24+Z24)/2,5),IF(AD24<1,ROUND((X24+Z24+AB24)/3,5),ROUND((X24+Z24+AB24+AD24)/4,5))))) | AE24: =IF(A24="","",A24) -> 26 | AF24: =IF(B24="","",B24) | AG24: =IF(C24="","",C24) | AH24: =IF(D24="","",D24) | AI24: =H24 -> 3.98 | AM24: =IF(OR(AJ24="",AJ24="m"),AM23,IF(AH24<>"",AH24,"")) -> 30 | AN24: =IF(AJ24<>"",IF(AJ24="o",VLOOKUP(AM24,OpenSect!$A$1:$D$11,2),IF(AJ24="u",VLOOKUP(AM24,UpHill!$A$1:$D$35,2),IF(AJ24="d",VLOOKUP(AM24,DownHill!$A$3:$D$29,2),IF(AJ24="f",VLOOKUP(AM24,FlatUnd!$A$2:$D$30,2),IF(AJ24="t",VLOOKUP(AM24,TimeAdd!$A$1:$D$176,2),IF(AJ24="l",VLOOKUP(AM24,SLimit!$A$1:$D$8,2),AN23)))))),AN23) -> 30 | AO24: =IF(AJ24<>"",IF(AJ24="o",VLOOKUP(AM24,OpenSect!$A$1:$D$11,3),IF(AJ24="u",VLOOKUP(AM24,UpHill!$A$1:$D$35,3),IF(AJ24="d",VLOOKUP(AM24,DownHill!$A$3:$D$29,3),IF(AJ24="f",VLOOKUP(AM24,FlatUnd!$A$2:$D$30,3),IF(AJ24="t",VLOOKUP(AM24,TimeAdd!$A$1:$D$18,3),IF(AJ24="l",VLOOKUP(AM24,SLimit!$A$1:$D$8,3),AO23)))))),AO23) -> 30 | AP24: =IF(AJ24<>"",IF(AJ24="o",VLOOKUP(AM24,OpenSect!$A$1:$D$11,4),IF(AJ24="u",VLOOKUP(AM24,UpHill!$A$1:$D$35,4),IF(AJ24="d",VLOOKUP(AM24,DownHill!$A$3:$D$29,4),IF(AJ24="f",VLOOKUP(AM24,FlatUnd!$A$2:$D$30,4),IF(AJ24="t",VLOOKUP(AM24,TimeAdd!$A$1:$D$18,4),IF(AJ24="l",VLOOKUP(AM24,SLimit!$A$1:$D$8,4),AP23)))))),AP23) -> 30 | AQ24: =M24 -> 60 | AR24: =L24 -> Warning - Sharp Curve {Right} | AU24: =IF(GroupStTimes!$A$8=0,MIN(CB24,CD24,CF24),MIN(BZ24,CB24,CD24,CF24)) -> 0.25622685 | AV24: =IF(GroupStTimes!$A$8=0,MAX(CC24,CE24,CG24),MAX(CA24,CC24,CE24,CG24)) -> 0.3194213 | AW24: =IF(U24="","",CONCATENATE(FIXED(U24,5)," ",FIXED(V24,5))) | AX24: =IF(AJ24="m",ROUND(W24,5),"") | AY24: =IF(AJ24="m",ROUND(X24,5),"") | AZ24: =IF(AND(AM23=AM22,AN23=AN22,AO23=AO22,AP23=AP22,AJ24<>"t"),AZ23,IF(AJ24="t",AI24,AI23)) -> 0 | BA24: =IF(AND($AM23=$AM22,$AN23=AN22,$AO23=$AO22,$AP23=$AP22,$AJ24<>"t"),BA23,BZ23) -> 0.25069444 | BB24: =IF(AND($AM23=$AM22,$AN23=AN22,$AO23=$AO22,$AP23=$AP22,$AJ24<>"t"),BB23,CA23) -> 0.25625 | BC24: =IF(AND($AM23=$AM22,$AN23=AN22,$AO23=$AO22,$AP23=$AP22,$AJ24<>"t"),BC23,CB23) -> 0.25694444 | BD24: =IF(AND($AM23=$AM22,$AN23=AN22,$AO23=$AO22,$AP23=$AP22,$AJ24<>"t"),BD23,CC23) -> 0.30277778 | BE24: =IF(AND($AM23=$AM22,$AN23=AN22,$AO23=$AO22,$AP23=$AP22,$AJ24<>"t"),BE23,CD23) -> 0.30347222 | BF24: =IF(AND($AM23=$AM22,$AN23=AN22,$AO23=$AO22,$AP23=$AP22,$AJ24<>"t"),BF23,CE23) -> 0.31388889 | BG24: =IF(AND($AM23=$AM22,$AN23=AN22,$AO23=$AO22,$AP23=$AP22,$AJ24<>"t"),BG23,CF23) -> 0.31458333 | BH24: =IF(AND($AM23=$AM22,$AN23=AN22,$AO23=$AO22,$AP23=$AP22,$AJ24<>"t"),BH23,CG23) -> 0.31388889 | BI24: =AI24-AZ24 -> 3.98 | BJ24: =IF($AJ23="t",IF(AM22=0,0,$BI24/AM22),IF(AM23=0,0,$BI24/AM23)) -> 0.13266667 | BK24: =IF($AJ23="t",IF(AN22=0,0,$BI24/AN22),IF(AN23=0,0,$BI24/AN23)) -> 0.13266667 | BL24: =IF($AJ23="t",IF(AO22=0,0,$BI24/AO22),IF(AO23=0,0,$BI24/AO23)) -> 0.13266667 | BM24: =IF($AJ23="t",IF(AP22=0,0,$BI24/AP22),IF(AP23=0,0,$BI24/AP23)) -> 0.13266667 | BN24: =IF(AJ24="t",0,INT(BJ24)) -> 0 | BO24: =IF(AJ24="t",AM24,IF(INT((BJ24-BN24)*60)<0,1,INT((BJ24-BN24)*60))) -> 7 | BP24: =IF(AJ24="t",0,ROUND((((BJ24-BN24)*60)-BO24)*60,0)) -> 58 | BQ24: =IF(AJ24="t",0,INT(BK24)) -> 0 | BR24: =IF(AJ24="t",AN24,IF(INT((BK24-BQ24)*60)<0,1,INT((BK24-BQ24)*60))) -> 7 | BS24: =IF(AJ24="t",0,ROUND((((BK24-BQ24)*60)-BR24)*60,0)) -> 58 | BT24: =IF(AJ24="t",0,INT(BL24)) -> 0 | BU24: =IF(AJ24="t",AO24,IF(INT((BL24-BT24)*60)<0,1,INT((BL24-BT24)*60))) -> 7 | BV24: =IF(AJ24="t",0,ROUND((((BL24-BT24)*60)-BU24)*60,0)) -> 58 | BW24: =IF(AJ24="t",0,INT(BM24)) -> 0 | BX24: =IF(AJ24="t",AP24,IF(INT((BM24-BW24)*60)<0,1,INT((BM24-BW24)*60))) -> 7 | BY24: =IF(AJ24="t",0,ROUND((((BM24-BW24)*60)-BX24)*60,0)) -> 58 | BZ24: =BA24+TIME(BN24,BO24,BP24) -> 0.25622685 | CA24: =BB24+TIME(BN24,BO24,BP24) -> 0.26178241 | CB24: =BC24+TIME(BQ24,BR24,BS24) -> 0.26247685 | CC24: =BD24+TIME(BQ24,BR24,BS24) -> 0.30831019 | CD24: =BE24+TIME(BT24,BU24,BV24) -> 0.30900463 | CE24: =BF24+TIME(BT24,BU24,BV24) -> 0.3194213 | CF24: =BG24+TIME(BW24,BX24,BY24) -> 0.32011574 | CG24: =BH24+TIME(BW24,BX24,BY24) -> 0.3194213 | CL24: 60
A25: 26 | C25: o | D25: 30 | G25: 4.39 | H25: =ROUND(IF(G25="",N25,IF(P25="",I25,IF(R25="",(I25+(P25+O25))/2,IF(T25="",(I25+(P25+O25)+(R25+Q25))/3,(I25+(P25+O25)+(R25+Q25)+(T25+S25))/4)))),2) -> 4.39 | I25: 4.38 | J25: =IF(N25="","",IF((I25-$I$4)=0,0,((I25-$I$4-(N25-$N$4))/(I25-$I$4)))) -> -0.00152207 | K25: =(I25-$I$5)-(N25-$N$5) -> -0.0066666667 | L25: Clement Stott Road.{ START of REGULARITY.} This is an ideal spot to wait for your time if you are early. | M25: 60 | N25: =IF(P25="",((I25-I24)+H24),IF(R25="",(P25+O25),IF(T25="",((P25+O25)+(R25+Q25))/2,((P25+O25)+(R25+Q25)+(T25+S25))/3))) -> 4.3866667 | P25: 4.34 | R25: 4.4 | T25: 4.42 | U25: =IF(W25="","",IF(Y25="",W25,IF(AA25<1,ROUND((Y25+W25)/2,5),IF(AC25<1,ROUND((Y25+AA25+W25)/3,5),ROUND((Y25+AA25+AC25+W25)/4,5))))) | V25: =IF(X25="","",IF(Z25<1,ROUND(X25,5),IF(AB25<1,ROUND((X25+Z25)/2,5),IF(AD25<1,ROUND((X25+Z25+AB25)/3,5),ROUND((X25+Z25+AB25+AD25)/4,5))))) | AE25: =IF(A25="","",A25) -> 26 | AF25: =IF(B25="","",B25) | AG25: =IF(C25="","",C25) -> o | AH25: =IF(D25="","",D25) -> 30 | AI25: =H25 -> 4.39 | AJ25: o | AM25: =IF(OR(AJ25="",AJ25="m"),AM24,IF(AH25<>"",AH25,"")) -> 30 | AN25: =IF(AJ25<>"",IF(AJ25="o",VLOOKUP(AM25,OpenSect!$A$1:$D$11,2),IF(AJ25="u",VLOOKUP(AM25,UpHill!$A$1:$D$35,2),IF(AJ25="d",VLOOKUP(AM25,DownHill!$A$3:$D$29,2),IF(AJ25="f",VLOOKUP(AM25,FlatUnd!$A$2:$D$30,2),IF(AJ25="t",VLOOKUP(AM25,TimeAdd!$A$1:$D$176,2),IF(AJ25="l",VLOOKUP(AM25,SLimit!$A$1:$D$8,2),AN24)))))),AN24) -> 30 | AO25: =IF(AJ25<>"",IF(AJ25="o",VLOOKUP(AM25,OpenSect!$A$1:$D$11,3),IF(AJ25="u",VLOOKUP(AM25,UpHill!$A$1:$D$35,3),IF(AJ25="d",VLOOKUP(AM25,DownHill!$A$3:$D$29,3),IF(AJ25="f",VLOOKUP(AM25,FlatUnd!$A$2:$D$30,3),IF(AJ25="t",VLOOKUP(AM25,TimeAdd!$A$1:$D$18,3),IF(AJ25="l",VLOOKUP(AM25,SLimit!$A$1:$D$8,3),AO24)))))),AO24) -> 30 | AP25: =IF(AJ25<>"",IF(AJ25="o",VLOOKUP(AM25,OpenSect!$A$1:$D$11,4),IF(AJ25="u",VLOOKUP(AM25,UpHill!$A$1:$D$35,4),IF(AJ25="d",VLOOKUP(AM25,DownHill!$A$3:$D$29,4),IF(AJ25="f",VLOOKUP(AM25,FlatUnd!$A$2:$D$30,4),IF(AJ25="t",VLOOKUP(AM25,TimeAdd!$A$1:$D$18,4),IF(AJ25="l",VLOOKUP(AM25,SLimit!$A$1:$D$8,4),AP24)))))),AP24) -> 30 | AQ25: =M25 -> 60 | AR25: =L25 -> Clement Stott Road.{ START of REGULARITY.} This is an ideal spot to wait for your time if you are early. | AU25: =IF(GroupStTimes!$A$8=0,MIN(CB25,CD25,CF25),MIN(BZ25,CB25,CD25,CF25)) -> 0.25679398 | AV25: =IF(GroupStTimes!$A$8=0,MAX(CC25,CE25,CG25),MAX(CA25,CC25,CE25,CG25)) -> 0.31998843 | AW25: =IF(U25="","",CONCATENATE(FIXED(U25,5)," ",FIXED(V25,5))) | AX25: =IF(AJ25="m",ROUND(W25,5),"") | AY25: =IF(AJ25="m",ROUND(X25,5),"") | AZ25: =IF(AND(AM24=AM23,AN24=AN23,AO24=AO23,AP24=AP23,AJ25<>"t"),AZ24,IF(AJ25="t",AI25,AI24)) -> 0 | BA25: =IF(AND($AM24=$AM23,$AN24=AN23,$AO24=$AO23,$AP24=$AP23,$AJ25<>"t"),BA24,BZ24) -> 0.25069444 | BB25: =IF(AND($AM24=$AM23,$AN24=AN23,$AO24=$AO23,$AP24=$AP23,$AJ25<>"t"),BB24,CA24) -> 0.25625 | BC25: =IF(AND($AM24=$AM23,$AN24=AN23,$AO24=$AO23,$AP24=$AP23,$AJ25<>"t"),BC24,CB24) -> 0.25694444 | BD25: =IF(AND($AM24=$AM23,$AN24=AN23,$AO24=$AO23,$AP24=$AP23,$AJ25<>"t"),BD24,CC24) -> 0.30277778 | BE25: =IF(AND($AM24=$AM23,$AN24=AN23,$AO24=$AO23,$AP24=$AP23,$AJ25<>"t"),BE24,CD24) -> 0.30347222 | BF25: =IF(AND($AM24=$AM23,$AN24=AN23,$AO24=$AO23,$AP24=$AP23,$AJ25<>"t"),BF24,CE24) -> 0.31388889 | BG25: =IF(AND($AM24=$AM23,$AN24=AN23,$AO24=$AO23,$AP24=$AP23,$AJ25<>"t"),BG24,CF24) -> 0.31458333 | BH25: =IF(AND($AM24=$AM23,$AN24=AN23,$AO24=$AO23,$AP24=$AP23,$AJ25<>"t"),BH24,CG24) -> 0.31388889 | BI25: =AI25-AZ25 -> 4.39 | BJ25: =IF($AJ24="t",IF(AM23=0,0,$BI25/AM23),IF(AM24=0,0,$BI25/AM24)) -> 0.14633333 | BK25: =IF($AJ24="t",IF(AN23=0,0,$BI25/AN23),IF(AN24=0,0,$BI25/AN24)) -> 0.14633333 | BL25: =IF($AJ24="t",IF(AO23=0,0,$BI25/AO23),IF(AO24=0,0,$BI25/AO24)) -> 0.14633333 | BM25: =IF($AJ24="t",IF(AP23=0,0,$BI25/AP23),IF(AP24=0,0,$BI25/AP24)) -> 0.14633333 | BN25: =IF(AJ25="t",0,INT(BJ25)) -> 0 | BO25: =IF(AJ25="t",AM25,IF(INT((BJ25-BN25)*60)<0,1,INT((BJ25-BN25)*60))) -> 8 | BP25: =IF(AJ25="t",0,ROUND((((BJ25-BN25)*60)-BO25)*60,0)) -> 47 | BQ25: =IF(AJ25="t",0,INT(BK25)) -> 0 | BR25: =IF(AJ25="t",AN25,IF(INT((BK25-BQ25)*60)<0,1,INT((BK25-BQ25)*60))) -> 8 | BS25: =IF(AJ25="t",0,ROUND((((BK25-BQ25)*60)-BR25)*60,0)) -> 47 | BT25: =IF(AJ25="t",0,INT(BL25)) -> 0 | BU25: =IF(AJ25="t",AO25,IF(INT((BL25-BT25)*60)<0,1,INT((BL25-BT25)*60))) -> 8 | BV25: =IF(AJ25="t",0,ROUND((((BL25-BT25)*60)-BU25)*60,0)) -> 47 | BW25: =IF(AJ25="t",0,INT(BM25)) -> 0 | BX25: =IF(AJ25="t",AP25,IF(INT((BM25-BW25)*60)<0,1,INT((BM25-BW25)*60))) -> 8 | BY25: =IF(AJ25="t",0,ROUND((((BM25-BW25)*60)-BX25)*60,0)) -> 47 | BZ25: =BA25+TIME(BN25,BO25,BP25) -> 0.25679398 | CA25: =BB25+TIME(BN25,BO25,BP25) -> 0.26234954 | CB25: =BC25+TIME(BQ25,BR25,BS25) -> 0.26304398 | CC25: =BD25+TIME(BQ25,BR25,BS25) -> 0.30887731 | CD25: =BE25+TIME(BT25,BU25,BV25) -> 0.30957176 | CE25: =BF25+TIME(BT25,BU25,BV25) -> 0.31998843 | CF25: =BG25+TIME(BW25,BX25,BY25) -> 0.32068287 | CG25: =BH25+TIME(BW25,BX25,BY25) -> 0.31998843 | CL25: 60
A26: 26 | G26: 4.49 | H26: =ROUND(IF(G26="",N26,IF(P26="",I26,IF(R26="",(I26+(P26+O26))/2,IF(T26="",(I26+(P26+O26)+(R26+Q26))/3,(I26+(P26+O26)+(R26+Q26)+(T26+S26))/4)))),2) -> 4.49 | I26: 4.48 | J26: =IF(N26="","",IF((I26-$I$4)=0,0,((I26-$I$4-(N26-$N$4))/(I26-$I$4)))) -> -0.0014880952 | K26: =(I26-$I$5)-(N26-$N$5) -> -0.0066666667 | L26: 60 Speed limit | M26: 60 | N26: =IF(P26="",((I26-I25)+H25),IF(R26="",(P26+O26),IF(T26="",((P26+O26)+(R26+Q26))/2,((P26+O26)+(R26+Q26)+(T26+S26))/3))) -> 4.4866667 | P26: 4.44 | R26: 4.5 | T26: 4.52 | U26: =IF(W26="","",IF(Y26="",W26,IF(AA26<1,ROUND((Y26+W26)/2,5),IF(AC26<1,ROUND((Y26+AA26+W26)/3,5),ROUND((Y26+AA26+AC26+W26)/4,5))))) | V26: =IF(X26="","",IF(Z26<1,ROUND(X26,5),IF(AB26<1,ROUND((X26+Z26)/2,5),IF(AD26<1,ROUND((X26+Z26+AB26)/3,5),ROUND((X26+Z26+AB26+AD26)/4,5))))) | AE26: =IF(A26="","",A26) -> 26 | AF26: =IF(B26="","",B26) | AG26: =IF(C26="","",C26) | AH26: =IF(D26="","",D26) | AI26: =H26 -> 4.49 | AM26: =IF(OR(AJ26="",AJ26="m"),AM25,IF(AH26<>"",AH26,"")) -> 30 | AN26: =IF(AJ26<>"",IF(AJ26="o",VLOOKUP(AM26,OpenSect!$A$1:$D$11,2),IF(AJ26="u",VLOOKUP(AM26,UpHill!$A$1:$D$35,2),IF(AJ26="d",VLOOKUP(AM26,DownHill!$A$3:$D$29,2),IF(AJ26="f",VLOOKUP(AM26,FlatUnd!$A$2:$D$30,2),IF(AJ26="t",VLOOKUP(AM26,TimeAdd!$A$1:$D$176,2),IF(AJ26="l",VLOOKUP(AM26,SLimit!$A$1:$D$8,2),AN25)))))),AN25) -> 30 | AO26: =IF(AJ26<>"",IF(AJ26="o",VLOOKUP(AM26,OpenSect!$A$1:$D$11,3),IF(AJ26="u",VLOOKUP(AM26,UpHill!$A$1:$D$35,3),IF(AJ26="d",VLOOKUP(AM26,DownHill!$A$3:$D$29,3),IF(AJ26="f",VLOOKUP(AM26,FlatUnd!$A$2:$D$30,3),IF(AJ26="t",VLOOKUP(AM26,TimeAdd!$A$1:$D$18,3),IF(AJ26="l",VLOOKUP(AM26,SLimit!$A$1:$D$8,3),AO25)))))),AO25) -> 30 | AP26: =IF(AJ26<>"",IF(AJ26="o",VLOOKUP(AM26,OpenSect!$A$1:$D$11,4),IF(AJ26="u",VLOOKUP(AM26,UpHill!$A$1:$D$35,4),IF(AJ26="d",VLOOKUP(AM26,DownHill!$A$3:$D$29,4),IF(AJ26="f",VLOOKUP(AM26,FlatUnd!$A$2:$D$30,4),IF(AJ26="t",VLOOKUP(AM26,TimeAdd!$A$1:$D$18,4),IF(AJ26="l",VLOOKUP(AM26,SLimit!$A$1:$D$8,4),AP25)))))),AP25) -> 30 | AQ26: =M26 -> 60 | AR26: =L26 -> 60 Speed limit | AU26: =IF(GroupStTimes!$A$8=0,MIN(CB26,CD26,CF26),MIN(BZ26,CB26,CD26,CF26)) -> 0.25693287 | AV26: =IF(GroupStTimes!$A$8=0,MAX(CC26,CE26,CG26),MAX(CA26,CC26,CE26,CG26)) -> 0.32012731 | AW26: =IF(U26="","",CONCATENATE(FIXED(U26,5)," ",FIXED(V26,5))) | AX26: =IF(AJ26="m",ROUND(W26,5),"") | AY26: =IF(AJ26="m",ROUND(X26,5),"") | AZ26: =IF(AND(AM25=AM24,AN25=AN24,AO25=AO24,AP25=AP24,AJ26<>"t"),AZ25,IF(AJ26="t",AI26,AI25)) -> 0 | BA26: =IF(AND($AM25=$AM24,$AN25=AN24,$AO25=$AO24,$AP25=$AP24,$AJ26<>"t"),BA25,BZ25) -> 0.25069444 | BB26: =IF(AND($AM25=$AM24,$AN25=AN24,$AO25=$AO24,$AP25=$AP24,$AJ26<>"t"),BB25,CA25) -> 0.25625 | BC26: =IF(AND($AM25=$AM24,$AN25=AN24,$AO25=$AO24,$AP25=$AP24,$AJ26<>"t"),BC25,CB25) -> 0.25694444 | BD26: =IF(AND($AM25=$AM24,$AN25=AN24,$AO25=$AO24,$AP25=$AP24,$AJ26<>"t"),BD25,CC25) -> 0.30277778 | BE26: =IF(AND($AM25=$AM24,$AN25=AN24,$AO25=$AO24,$AP25=$AP24,$AJ26<>"t"),BE25,CD25) -> 0.30347222 | BF26: =IF(AND($AM25=$AM24,$AN25=AN24,$AO25=$AO24,$AP25=$AP24,$AJ26<>"t"),BF25,CE25) -> 0.31388889 | BG26: =IF(AND($AM25=$AM24,$AN25=AN24,$AO25=$AO24,$AP25=$AP24,$AJ26<>"t"),BG25,CF25) -> 0.31458333 | BH26: =IF(AND($AM25=$AM24,$AN25=AN24,$AO25=$AO24,$AP25=$AP24,$AJ26<>"t"),BH25,CG25) -> 0.31388889 | BI26: =AI26-AZ26 -> 4.49 | BJ26: =IF($AJ25="t",IF(AM24=0,0,$BI26/AM24),IF(AM25=0,0,$BI26/AM25)) -> 0.14966667 | BK26: =IF($AJ25="t",IF(AN24=0,0,$BI26/AN24),IF(AN25=0,0,$BI26/AN25)) -> 0.14966667 | BL26: =IF($AJ25="t",IF(AO24=0,0,$BI26/AO24),IF(AO25=0,0,$BI26/AO25)) -> 0.14966667 | BM26: =IF($AJ25="t",IF(AP24=0,0,$BI26/AP24),IF(AP25=0,0,$BI26/AP25)) -> 0.14966667 | BN26: =IF(AJ26="t",0,INT(BJ26)) -> 0 | BO26: =IF(AJ26="t",AM26,IF(INT((BJ26-BN26)*60)<0,1,INT((BJ26-BN26)*60))) -> 8 | BP26: =IF(AJ26="t",0,ROUND((((BJ26-BN26)*60)-BO26)*60,0)) -> 59 | BQ26: =IF(AJ26="t",0,INT(BK26)) -> 0 | BR26: =IF(AJ26="t",AN26,IF(INT((BK26-BQ26)*60)<0,1,INT((BK26-BQ26)*60))) -> 8 | BS26: =IF(AJ26="t",0,ROUND((((BK26-BQ26)*60)-BR26)*60,0)) -> 59 | BT26: =IF(AJ26="t",0,INT(BL26)) -> 0 | BU26: =IF(AJ26="t",AO26,IF(INT((BL26-BT26)*60)<0,1,INT((BL26-BT26)*60))) -> 8 | BV26: =IF(AJ26="t",0,ROUND((((BL26-BT26)*60)-BU26)*60,0)) -> 59 | BW26: =IF(AJ26="t",0,INT(BM26)) -> 0 | BX26: =IF(AJ26="t",AP26,IF(INT((BM26-BW26)*60)<0,1,INT((BM26-BW26)*60))) -> 8 | BY26: =IF(AJ26="t",0,ROUND((((BM26-BW26)*60)-BX26)*60,0)) -> 59 | BZ26: =BA26+TIME(BN26,BO26,BP26) -> 0.25693287 | CA26: =BB26+TIME(BN26,BO26,BP26) -> 0.26248843 | CB26: =BC26+TIME(BQ26,BR26,BS26) -> 0.26318287 | CC26: =BD26+TIME(BQ26,BR26,BS26) -> 0.3090162 | CD26: =BE26+TIME(BT26,BU26,BV26) -> 0.30971065 | CE26: =BF26+TIME(BT26,BU26,BV26) -> 0.32012731 | CF26: =BG26+TIME(BW26,BX26,BY26) -> 0.32082176 | CG26: =BH26+TIME(BW26,BX26,BY26) -> 0.32012731 | CL26: 60
A27: 26 | G27: 4.54 | H27: =ROUND(IF(G27="",N27,IF(P27="",I27,IF(R27="",(I27+(P27+O27))/2,IF(T27="",(I27+(P27+O27)+(R27+Q27))/3,(I27+(P27+O27)+(R27+Q27)+(T27+S27))/4)))),2) -> 4.53 | I27: 4.53 | J27: =IF(N27="","",IF((I27-$I$4)=0,0,((I27-$I$4-(N27-$N$4))/(I27-$I$4)))) -> -0.00073583517 | K27: =(I27-$I$5)-(N27-$N$5) -> -0.0033333333 | L27: Bridge | M27: 60 | N27: =IF(P27="",((I27-I26)+H26),IF(R27="",(P27+O27),IF(T27="",((P27+O27)+(R27+Q27))/2,((P27+O27)+(R27+Q27)+(T27+S27))/3))) -> 4.5333333 | P27: 4.49 | R27: 4.55 | T27: 4.56 | U27: =IF(W27="","",IF(Y27="",W27,IF(AA27<1,ROUND((Y27+W27)/2,5),IF(AC27<1,ROUND((Y27+AA27+W27)/3,5),ROUND((Y27+AA27+AC27+W27)/4,5))))) | V27: =IF(X27="","",IF(Z27<1,ROUND(X27,5),IF(AB27<1,ROUND((X27+Z27)/2,5),IF(AD27<1,ROUND((X27+Z27+AB27)/3,5),ROUND((X27+Z27+AB27+AD27)/4,5))))) | AE27: =IF(A27="","",A27) -> 26 | AF27: =IF(B27="","",B27) | AG27: =IF(C27="","",C27) | AH27: =IF(D27="","",D27) | AI27: =H27 -> 4.53 | AM27: =IF(OR(AJ27="",AJ27="m"),AM26,IF(AH27<>"",AH27,"")) -> 30 | AN27: =IF(AJ27<>"",IF(AJ27="o",VLOOKUP(AM27,OpenSect!$A$1:$D$11,2),IF(AJ27="u",VLOOKUP(AM27,UpHill!$A$1:$D$35,2),IF(AJ27="d",VLOOKUP(AM27,DownHill!$A$3:$D$29,2),IF(AJ27="f",VLOOKUP(AM27,FlatUnd!$A$2:$D$30,2),IF(AJ27="t",VLOOKUP(AM27,TimeAdd!$A$1:$D$176,2),IF(AJ27="l",VLOOKUP(AM27,SLimit!$A$1:$D$8,2),AN26)))))),AN26) -> 30 | AO27: =IF(AJ27<>"",IF(AJ27="o",VLOOKUP(AM27,OpenSect!$A$1:$D$11,3),IF(AJ27="u",VLOOKUP(AM27,UpHill!$A$1:$D$35,3),IF(AJ27="d",VLOOKUP(AM27,DownHill!$A$3:$D$29,3),IF(AJ27="f",VLOOKUP(AM27,FlatUnd!$A$2:$D$30,3),IF(AJ27="t",VLOOKUP(AM27,TimeAdd!$A$1:$D$18,3),IF(AJ27="l",VLOOKUP(AM27,SLimit!$A$1:$D$8,3),AO26)))))),AO26) -> 30 | AP27: =IF(AJ27<>"",IF(AJ27="o",VLOOKUP(AM27,OpenSect!$A$1:$D$11,4),IF(AJ27="u",VLOOKUP(AM27,UpHill!$A$1:$D$35,4),IF(AJ27="d",VLOOKUP(AM27,DownHill!$A$3:$D$29,4),IF(AJ27="f",VLOOKUP(AM27,FlatUnd!$A$2:$D$30,4),IF(AJ27="t",VLOOKUP(AM27,TimeAdd!$A$1:$D$18,4),IF(AJ27="l",VLOOKUP(AM27,SLimit!$A$1:$D$8,4),AP26)))))),AP26) -> 30 | AQ27: =M27 -> 60 | AR27: =L27 -> Bridge | AU27: =IF(GroupStTimes!$A$8=0,MIN(CB27,CD27,CF27),MIN(BZ27,CB27,CD27,CF27)) -> 0.25699074 | AV27: =IF(GroupStTimes!$A$8=0,MAX(CC27,CE27,CG27),MAX(CA27,CC27,CE27,CG27)) -> 0.32018519 | AW27: =IF(U27="","",CONCATENATE(FIXED(U27,5)," ",FIXED(V27,5))) | AX27: =IF(AJ27="m",ROUND(W27,5),"") | AY27: =IF(AJ27="m",ROUND(X27,5),"") | AZ27: =IF(AND(AM26=AM25,AN26=AN25,AO26=AO25,AP26=AP25,AJ27<>"t"),AZ26,IF(AJ27="t",AI27,AI26)) -> 0 | BA27: =IF(AND($AM26=$AM25,$AN26=AN25,$AO26=$AO25,$AP26=$AP25,$AJ27<>"t"),BA26,BZ26) -> 0.25069444 | BB27: =IF(AND($AM26=$AM25,$AN26=AN25,$AO26=$AO25,$AP26=$AP25,$AJ27<>"t"),BB26,CA26) -> 0.25625 | BC27: =IF(AND($AM26=$AM25,$AN26=AN25,$AO26=$AO25,$AP26=$AP25,$AJ27<>"t"),BC26,CB26) -> 0.25694444 | BD27: =IF(AND($AM26=$AM25,$AN26=AN25,$AO26=$AO25,$AP26=$AP25,$AJ27<>"t"),BD26,CC26) -> 0.30277778 | BE27: =IF(AND($AM26=$AM25,$AN26=AN25,$AO26=$AO25,$AP26=$AP25,$AJ27<>"t"),BE26,CD26) -> 0.30347222 | BF27: =IF(AND($AM26=$AM25,$AN26=AN25,$AO26=$AO25,$AP26=$AP25,$AJ27<>"t"),BF26,CE26) -> 0.31388889 | BG27: =IF(AND($AM26=$AM25,$AN26=AN25,$AO26=$AO25,$AP26=$AP25,$AJ27<>"t"),BG26,CF26) -> 0.31458333 | BH27: =IF(AND($AM26=$AM25,$AN26=AN25,$AO26=$AO25,$AP26=$AP25,$AJ27<>"t"),BH26,CG26) -> 0.31388889 | BI27: =AI27-AZ27 -> 4.53 | BJ27: =IF($AJ26="t",IF(AM25=0,0,$BI27/AM25),IF(AM26=0,0,$BI27/AM26)) -> 0.151 | BK27: =IF($AJ26="t",IF(AN25=0,0,$BI27/AN25),IF(AN26=0,0,$BI27/AN26)) -> 0.151 | BL27: =IF($AJ26="t",IF(AO25=0,0,$BI27/AO25),IF(AO26=0,0,$BI27/AO26)) -> 0.151 | BM27: =IF($AJ26="t",IF(AP25=0,0,$BI27/AP25),IF(AP26=0,0,$BI27/AP26)) -> 0.151 | BN27: =IF(AJ27="t",0,INT(BJ27)) -> 0 | BO27: =IF(AJ27="t",AM27,IF(INT((BJ27-BN27)*60)<0,1,INT((BJ27-BN27)*60))) -> 9 | BP27: =IF(AJ27="t",0,ROUND((((BJ27-BN27)*60)-BO27)*60,0)) -> 4 | BQ27: =IF(AJ27="t",0,INT(BK27)) -> 0 | BR27: =IF(AJ27="t",AN27,IF(INT((BK27-BQ27)*60)<0,1,INT((BK27-BQ27)*60))) -> 9 | BS27: =IF(AJ27="t",0,ROUND((((BK27-BQ27)*60)-BR27)*60,0)) -> 4 | BT27: =IF(AJ27="t",0,INT(BL27)) -> 0 | BU27: =IF(AJ27="t",AO27,IF(INT((BL27-BT27)*60)<0,1,INT((BL27-BT27)*60))) -> 9 | BV27: =IF(AJ27="t",0,ROUND((((BL27-BT27)*60)-BU27)*60,0)) -> 4 | BW27: =IF(AJ27="t",0,INT(BM27)) -> 0 | BX27: =IF(AJ27="t",AP27,IF(INT((BM27-BW27)*60)<0,1,INT((BM27-BW27)*60))) -> 9 | BY27: =IF(AJ27="t",0,ROUND((((BM27-BW27)*60)-BX27)*60,0)) -> 4 | BZ27: =BA27+TIME(BN27,BO27,BP27) -> 0.25699074 | CA27: =BB27+TIME(BN27,BO27,BP27) -> 0.2625463 | CB27: =BC27+TIME(BQ27,BR27,BS27) -> 0.26324074 | CC27: =BD27+TIME(BQ27,BR27,BS27) -> 0.30907407 | CD27: =BE27+TIME(BT27,BU27,BV27) -> 0.30976852 | CE27: =BF27+TIME(BT27,BU27,BV27) -> 0.32018519 | CF27: =BG27+TIME(BW27,BX27,BY27) -> 0.32087963 | CG27: =BH27+TIME(BW27,BX27,BY27) -> 0.32018519 | CL27: 60
A28: 26 | C28: o | D28: 30 | G28: 5.57 | H28: =ROUND(IF(G28="",N28,IF(P28="",I28,IF(R28="",(I28+(P28+O28))/2,IF(T28="",(I28+(P28+O28)+(R28+Q28))/3,(I28+(P28+O28)+(R28+Q28)+(T28+S28))/4)))),2) -> 5.57 | I28: 5.56 | J28: =IF(N28="","",IF((I28-$I$4)=0,0,((I28-$I$4-(N28-$N$4))/(I28-$I$4)))) -> -0.0011990408 | K28: =(I28-$I$5)-(N28-$N$5) -> -0.0066666667 | L28: R103 Drummond {Straight} / Valley Trust, SANTA, KwaNyuswa {Right} | M28: 60 | N28: =IF(P28="",((I28-I27)+H27),IF(R28="",(P28+O28),IF(T28="",((P28+O28)+(R28+Q28))/2,((P28+O28)+(R28+Q28)+(T28+S28))/3))) -> 5.5666667 | P28: 5.52 | R28: 5.58 | T28: 5.6 | U28: =IF(W28="","",IF(Y28="",W28,IF(AA28<1,ROUND((Y28+W28)/2,5),IF(AC28<1,ROUND((Y28+AA28+W28)/3,5),ROUND((Y28+AA28+AC28+W28)/4,5))))) | V28: =IF(X28="","",IF(Z28<1,ROUND(X28,5),IF(AB28<1,ROUND((X28+Z28)/2,5),IF(AD28<1,ROUND((X28+Z28+AB28)/3,5),ROUND((X28+Z28+AB28+AD28)/4,5))))) | AE28: =IF(A28="","",A28) -> 26 | AF28: =IF(B28="","",B28) | AG28: =IF(C28="","",C28) -> o | AH28: =IF(D28="","",D28) -> 30 | AI28: =H28 -> 5.57 | AJ28: o | AM28: =IF(OR(AJ28="",AJ28="m"),AM27,IF(AH28<>"",AH28,"")) -> 30 | AN28: =IF(AJ28<>"",IF(AJ28="o",VLOOKUP(AM28,OpenSect!$A$1:$D$11,2),IF(AJ28="u",VLOOKUP(AM28,UpHill!$A$1:$D$35,2),IF(AJ28="d",VLOOKUP(AM28,DownHill!$A$3:$D$29,2),IF(AJ28="f",VLOOKUP(AM28,FlatUnd!$A$2:$D$30,2),IF(AJ28="t",VLOOKUP(AM28,TimeAdd!$A$1:$D$176,2),IF(AJ28="l",VLOOKUP(AM28,SLimit!$A$1:$D$8,2),AN27)))))),AN27) -> 30 | AO28: =IF(AJ28<>"",IF(AJ28="o",VLOOKUP(AM28,OpenSect!$A$1:$D$11,3),IF(AJ28="u",VLOOKUP(AM28,UpHill!$A$1:$D$35,3),IF(AJ28="d",VLOOKUP(AM28,DownHill!$A$3:$D$29,3),IF(AJ28="f",VLOOKUP(AM28,FlatUnd!$A$2:$D$30,3),IF(AJ28="t",VLOOKUP(AM28,TimeAdd!$A$1:$D$18,3),IF(AJ28="l",VLOOKUP(AM28,SLimit!$A$1:$D$8,3),AO27)))))),AO27) -> 30 | AP28: =IF(AJ28<>"",IF(AJ28="o",VLOOKUP(AM28,OpenSect!$A$1:$D$11,4),IF(AJ28="u",VLOOKUP(AM28,UpHill!$A$1:$D$35,4),IF(AJ28="d",VLOOKUP(AM28,DownHill!$A$3:$D$29,4),IF(AJ28="f",VLOOKUP(AM28,FlatUnd!$A$2:$D$30,4),IF(AJ28="t",VLOOKUP(AM28,TimeAdd!$A$1:$D$18,4),IF(AJ28="l",VLOOKUP(AM28,SLimit!$A$1:$D$8,4),AP27)))))),AP27) -> 30 | AQ28: =M28 -> 60 | AR28: =L28 -> R103 Drummond {Straight} / Valley Trust, SANTA, KwaNyuswa {Right} | AU28: =IF(GroupStTimes!$A$8=0,MIN(CB28,CD28,CF28),MIN(BZ28,CB28,CD28,CF28)) -> 0.25842593 | AV28: =IF(GroupStTimes!$A$8=0,MAX(CC28,CE28,CG28),MAX(CA28,CC28,CE28,CG28)) -> 0.32162037 | AW28: =IF(U28="","",CONCATENATE(FIXED(U28,5)," ",FIXED(V28,5))) | AX28: =IF(AJ28="m",ROUND(W28,5),"") | AY28: =IF(AJ28="m",ROUND(X28,5),"") | AZ28: =IF(AND(AM27=AM26,AN27=AN26,AO27=AO26,AP27=AP26,AJ28<>"t"),AZ27,IF(AJ28="t",AI28,AI27)) -> 0 | BA28: =IF(AND($AM27=$AM26,$AN27=AN26,$AO27=$AO26,$AP27=$AP26,$AJ28<>"t"),BA27,BZ27) -> 0.25069444 | BB28: =IF(AND($AM27=$AM26,$AN27=AN26,$AO27=$AO26,$AP27=$AP26,$AJ28<>"t"),BB27,CA27) -> 0.25625 | BC28: =IF(AND($AM27=$AM26,$AN27=AN26,$AO27=$AO26,$AP27=$AP26,$AJ28<>"t"),BC27,CB27) -> 0.25694444 | BD28: =IF(AND($AM27=$AM26,$AN27=AN26,$AO27=$AO26,$AP27=$AP26,$AJ28<>"t"),BD27,CC27) -> 0.30277778 | BE28: =IF(AND($AM27=$AM26,$AN27=AN26,$AO27=$AO26,$AP27=$AP26,$AJ28<>"t"),BE27,CD27) -> 0.30347222 | BF28: =IF(AND($AM27=$AM26,$AN27=AN26,$AO27=$AO26,$AP27=$AP26,$AJ28<>"t"),BF27,CE27) -> 0.31388889 | BG28: =IF(AND($AM27=$AM26,$AN27=AN26,$AO27=$AO26,$AP27=$AP26,$AJ28<>"t"),BG27,CF27) -> 0.31458333 | BH28: =IF(AND($AM27=$AM26,$AN27=AN26,$AO27=$AO26,$AP27=$AP26,$AJ28<>"t"),BH27,CG27) -> 0.31388889 | BI28: =AI28-AZ28 -> 5.57 | BJ28: =IF($AJ27="t",IF(AM26=0,0,$BI28/AM26),IF(AM27=0,0,$BI28/AM27)) -> 0.18566667 | BK28: =IF($AJ27="t",IF(AN26=0,0,$BI28/AN26),IF(AN27=0,0,$BI28/AN27)) -> 0.18566667 | BL28: =IF($AJ27="t",IF(AO26=0,0,$BI28/AO26),IF(AO27=0,0,$BI28/AO27)) -> 0.18566667 | BM28: =IF($AJ27="t",IF(AP26=0,0,$BI28/AP26),IF(AP27=0,0,$BI28/AP27)) -> 0.18566667 | BN28: =IF(AJ28="t",0,INT(BJ28)) -> 0 | BO28: =IF(AJ28="t",AM28,IF(INT((BJ28-BN28)*60)<0,1,INT((BJ28-BN28)*60))) -> 11 | BP28: =IF(AJ28="t",0,ROUND((((BJ28-BN28)*60)-BO28)*60,0)) -> 8 | BQ28: =IF(AJ28="t",0,INT(BK28)) -> 0 | BR28: =IF(AJ28="t",AN28,IF(INT((BK28-BQ28)*60)<0,1,INT((BK28-BQ28)*60))) -> 11 | BS28: =IF(AJ28="t",0,ROUND((((BK28-BQ28)*60)-BR28)*60,0)) -> 8 | BT28: =IF(AJ28="t",0,INT(BL28)) -> 0 | BU28: =IF(AJ28="t",AO28,IF(INT((BL28-BT28)*60)<0,1,INT((BL28-BT28)*60))) -> 11 | BV28: =IF(AJ28="t",0,ROUND((((BL28-BT28)*60)-BU28)*60,0)) -> 8 | BW28: =IF(AJ28="t",0,INT(BM28)) -> 0 | BX28: =IF(AJ28="t",AP28,IF(INT((BM28-BW28)*60)<0,1,INT((BM28-BW28)*60))) -> 11 | BY28: =IF(AJ28="t",0,ROUND((((BM28-BW28)*60)-BX28)*60,0)) -> 8 | BZ28: =BA28+TIME(BN28,BO28,BP28) -> 0.25842593 | CA28: =BB28+TIME(BN28,BO28,BP28) -> 0.26398148 | CB28: =BC28+TIME(BQ28,BR28,BS28) -> 0.26467593 | CC28: =BD28+TIME(BQ28,BR28,BS28) -> 0.31050926 | CD28: =BE28+TIME(BT28,BU28,BV28) -> 0.3112037 | CE28: =BF28+TIME(BT28,BU28,BV28) -> 0.32162037 | CF28: =BG28+TIME(BW28,BX28,BY28) -> 0.32231481 | CG28: =BH28+TIME(BW28,BX28,BY28) -> 0.32162037 | CL28: 60
A29: 26 | G29: 5.61 | H29: =ROUND(IF(G29="",N29,IF(P29="",I29,IF(R29="",(I29+(P29+O29))/2,IF(T29="",(I29+(P29+O29)+(R29+Q29))/3,(I29+(P29+O29)+(R29+Q29)+(T29+S29))/4)))),2) -> 5.61 | I29: 5.6 | J29: =IF(N29="","",IF((I29-$I$4)=0,0,((I29-$I$4-(N29-$N$4))/(I29-$I$4)))) -> -0.0011904762 | K29: =(I29-$I$5)-(N29-$N$5) -> -0.0066666667 | L29: 8 km stone | M29: 60 | N29: =IF(P29="",((I29-I28)+H28),IF(R29="",(P29+O29),IF(T29="",((P29+O29)+(R29+Q29))/2,((P29+O29)+(R29+Q29)+(T29+S29))/3))) -> 5.6066667 | P29: 5.56 | R29: 5.62 | T29: 5.64 | U29: =IF(W29="","",IF(Y29="",W29,IF(AA29<1,ROUND((Y29+W29)/2,5),IF(AC29<1,ROUND((Y29+AA29+W29)/3,5),ROUND((Y29+AA29+AC29+W29)/4,5))))) | V29: =IF(X29="","",IF(Z29<1,ROUND(X29,5),IF(AB29<1,ROUND((X29+Z29)/2,5),IF(AD29<1,ROUND((X29+Z29+AB29)/3,5),ROUND((X29+Z29+AB29+AD29)/4,5))))) | AE29: =IF(A29="","",A29) -> 26 | AF29: =IF(B29="","",B29) | AG29: =IF(C29="","",C29) | AH29: =IF(D29="","",D29) | AI29: =H29 -> 5.61 | AM29: =IF(OR(AJ29="",AJ29="m"),AM28,IF(AH29<>"",AH29,"")) -> 30 | AN29: =IF(AJ29<>"",IF(AJ29="o",VLOOKUP(AM29,OpenSect!$A$1:$D$11,2),IF(AJ29="u",VLOOKUP(AM29,UpHill!$A$1:$D$35,2),IF(AJ29="d",VLOOKUP(AM29,DownHill!$A$3:$D$29,2),IF(AJ29="f",VLOOKUP(AM29,FlatUnd!$A$2:$D$30,2),IF(AJ29="t",VLOOKUP(AM29,TimeAdd!$A$1:$D$176,2),IF(AJ29="l",VLOOKUP(AM29,SLimit!$A$1:$D$8,2),AN28)))))),AN28) -> 30 | AO29: =IF(AJ29<>"",IF(AJ29="o",VLOOKUP(AM29,OpenSect!$A$1:$D$11,3),IF(AJ29="u",VLOOKUP(AM29,UpHill!$A$1:$D$35,3),IF(AJ29="d",VLOOKUP(AM29,DownHill!$A$3:$D$29,3),IF(AJ29="f",VLOOKUP(AM29,FlatUnd!$A$2:$D$30,3),IF(AJ29="t",VLOOKUP(AM29,TimeAdd!$A$1:$D$18,3),IF(AJ29="l",VLOOKUP(AM29,SLimit!$A$1:$D$8,3),AO28)))))),AO28) -> 30 | AP29: =IF(AJ29<>"",IF(AJ29="o",VLOOKUP(AM29,OpenSect!$A$1:$D$11,4),IF(AJ29="u",VLOOKUP(AM29,UpHill!$A$1:$D$35,4),IF(AJ29="d",VLOOKUP(AM29,DownHill!$A$3:$D$29,4),IF(AJ29="f",VLOOKUP(AM29,FlatUnd!$A$2:$D$30,4),IF(AJ29="t",VLOOKUP(AM29,TimeAdd!$A$1:$D$18,4),IF(AJ29="l",VLOOKUP(AM29,SLimit!$A$1:$D$8,4),AP28)))))),AP28) -> 30 | AQ29: =M29 -> 60 | AR29: =L29 -> 8 km stone | AU29: =IF(GroupStTimes!$A$8=0,MIN(CB29,CD29,CF29),MIN(BZ29,CB29,CD29,CF29)) -> 0.2584838 | AV29: =IF(GroupStTimes!$A$8=0,MAX(CC29,CE29,CG29),MAX(CA29,CC29,CE29,CG29)) -> 0.32167824 | AW29: =IF(U29="","",CONCATENATE(FIXED(U29,5)," ",FIXED(V29,5))) | AX29: =IF(AJ29="m",ROUND(W29,5),"") | AY29: =IF(AJ29="m",ROUND(X29,5),"") | AZ29: =IF(AND(AM28=AM27,AN28=AN27,AO28=AO27,AP28=AP27,AJ29<>"t"),AZ28,IF(AJ29="t",AI29,AI28)) -> 0 | BA29: =IF(AND($AM28=$AM27,$AN28=AN27,$AO28=$AO27,$AP28=$AP27,$AJ29<>"t"),BA28,BZ28) -> 0.25069444 | BB29: =IF(AND($AM28=$AM27,$AN28=AN27,$AO28=$AO27,$AP28=$AP27,$AJ29<>"t"),BB28,CA28) -> 0.25625 | BC29: =IF(AND($AM28=$AM27,$AN28=AN27,$AO28=$AO27,$AP28=$AP27,$AJ29<>"t"),BC28,CB28) -> 0.25694444 | BD29: =IF(AND($AM28=$AM27,$AN28=AN27,$AO28=$AO27,$AP28=$AP27,$AJ29<>"t"),BD28,CC28) -> 0.30277778 | BE29: =IF(AND($AM28=$AM27,$AN28=AN27,$AO28=$AO27,$AP28=$AP27,$AJ29<>"t"),BE28,CD28) -> 0.30347222 | BF29: =IF(AND($AM28=$AM27,$AN28=AN27,$AO28=$AO27,$AP28=$AP27,$AJ29<>"t"),BF28,CE28) -> 0.31388889 | BG29: =IF(AND($AM28=$AM27,$AN28=AN27,$AO28=$AO27,$AP28=$AP27,$AJ29<>"t"),BG28,CF28) -> 0.31458333 | BH29: =IF(AND($AM28=$AM27,$AN28=AN27,$AO28=$AO27,$AP28=$AP27,$AJ29<>"t"),BH28,CG28) -> 0.31388889 | BI29: =AI29-AZ29 -> 5.61 | BJ29: =IF($AJ28="t",IF(AM27=0,0,$BI29/AM27),IF(AM28=0,0,$BI29/AM28)) -> 0.187 | BK29: =IF($AJ28="t",IF(AN27=0,0,$BI29/AN27),IF(AN28=0,0,$BI29/AN28)) -> 0.187 | BL29: =IF($AJ28="t",IF(AO27=0,0,$BI29/AO27),IF(AO28=0,0,$BI29/AO28)) -> 0.187 | BM29: =IF($AJ28="t",IF(AP27=0,0,$BI29/AP27),IF(AP28=0,0,$BI29/AP28)) -> 0.187 | BN29: =IF(AJ29="t",0,INT(BJ29)) -> 0 | BO29: =IF(AJ29="t",AM29,IF(INT((BJ29-BN29)*60)<0,1,INT((BJ29-BN29)*60))) -> 11 | BP29: =IF(AJ29="t",0,ROUND((((BJ29-BN29)*60)-BO29)*60,0)) -> 13 | BQ29: =IF(AJ29="t",0,INT(BK29)) -> 0 | BR29: =IF(AJ29="t",AN29,IF(INT((BK29-BQ29)*60)<0,1,INT((BK29-BQ29)*60))) -> 11 | BS29: =IF(AJ29="t",0,ROUND((((BK29-BQ29)*60)-BR29)*60,0)) -> 13 | BT29: =IF(AJ29="t",0,INT(BL29)) -> 0 | BU29: =IF(AJ29="t",AO29,IF(INT((BL29-BT29)*60)<0,1,INT((BL29-BT29)*60))) -> 11 | BV29: =IF(AJ29="t",0,ROUND((((BL29-BT29)*60)-BU29)*60,0)) -> 13 | BW29: =IF(AJ29="t",0,INT(BM29)) -> 0 | BX29: =IF(AJ29="t",AP29,IF(INT((BM29-BW29)*60)<0,1,INT((BM29-BW29)*60))) -> 11 | BY29: =IF(AJ29="t",0,ROUND((((BM29-BW29)*60)-BX29)*60,0)) -> 13 | BZ29: =BA29+TIME(BN29,BO29,BP29) -> 0.2584838 | CA29: =BB29+TIME(BN29,BO29,BP29) -> 0.26403935 | CB29: =BC29+TIME(BQ29,BR29,BS29) -> 0.2647338 | CC29: =BD29+TIME(BQ29,BR29,BS29) -> 0.31056713 | CD29: =BE29+TIME(BT29,BU29,BV29) -> 0.31126157 | CE29: =BF29+TIME(BT29,BU29,BV29) -> 0.32167824 | CF29: =BG29+TIME(BW29,BX29,BY29) -> 0.32237269 | CG29: =BH29+TIME(BW29,BX29,BY29) -> 0.32167824 | CL29: 60
A30: 26 | G30: 5.73 | H30: =ROUND(IF(G30="",N30,IF(P30="",I30,IF(R30="",(I30+(P30+O30))/2,IF(T30="",(I30+(P30+O30)+(R30+Q30))/3,(I30+(P30+O30)+(R30+Q30)+(T30+S30))/4)))),2) -> 5.73 | I30: 5.72 | J30: =IF(N30="","",IF((I30-$I$4)=0,0,((I30-$I$4-(N30-$N$4))/(I30-$I$4)))) -> -0.0011655012 | K30: =(I30-$I$5)-(N30-$N$5) -> -0.0066666667 | L30: Valley Trust, SANTA, KwaNyuswa {Right} | M30: 60 | N30: =IF(P30="",((I30-I29)+H29),IF(R30="",(P30+O30),IF(T30="",((P30+O30)+(R30+Q30))/2,((P30+O30)+(R30+Q30)+(T30+S30))/3))) -> 5.7266667 | P30: 5.68 | R30: 5.74 | T30: 5.76 | U30: =IF(W30="","",IF(Y30="",W30,IF(AA30<1,ROUND((Y30+W30)/2,5),IF(AC30<1,ROUND((Y30+AA30+W30)/3,5),ROUND((Y30+AA30+AC30+W30)/4,5))))) | V30: =IF(X30="","",IF(Z30<1,ROUND(X30,5),IF(AB30<1,ROUND((X30+Z30)/2,5),IF(AD30<1,ROUND((X30+Z30+AB30)/3,5),ROUND((X30+Z30+AB30+AD30)/4,5))))) | AE30: =IF(A30="","",A30) -> 26 | AF30: =IF(B30="","",B30) | AG30: =IF(C30="","",C30) | AH30: =IF(D30="","",D30) | AI30: =H30 -> 5.73 | AM30: =IF(OR(AJ30="",AJ30="m"),AM29,IF(AH30<>"",AH30,"")) -> 30 | AN30: =IF(AJ30<>"",IF(AJ30="o",VLOOKUP(AM30,OpenSect!$A$1:$D$11,2),IF(AJ30="u",VLOOKUP(AM30,UpHill!$A$1:$D$35,2),IF(AJ30="d",VLOOKUP(AM30,DownHill!$A$3:$D$29,2),IF(AJ30="f",VLOOKUP(AM30,FlatUnd!$A$2:$D$30,2),IF(AJ30="t",VLOOKUP(AM30,TimeAdd!$A$1:$D$176,2),IF(AJ30="l",VLOOKUP(AM30,SLimit!$A$1:$D$8,2),AN29)))))),AN29) -> 30 | AO30: =IF(AJ30<>"",IF(AJ30="o",VLOOKUP(AM30,OpenSect!$A$1:$D$11,3),IF(AJ30="u",VLOOKUP(AM30,UpHill!$A$1:$D$35,3),IF(AJ30="d",VLOOKUP(AM30,DownHill!$A$3:$D$29,3),IF(AJ30="f",VLOOKUP(AM30,FlatUnd!$A$2:$D$30,3),IF(AJ30="t",VLOOKUP(AM30,TimeAdd!$A$1:$D$18,3),IF(AJ30="l",VLOOKUP(AM30,SLimit!$A$1:$D$8,3),AO29)))))),AO29) -> 30 | AP30: =IF(AJ30<>"",IF(AJ30="o",VLOOKUP(AM30,OpenSect!$A$1:$D$11,4),IF(AJ30="u",VLOOKUP(AM30,UpHill!$A$1:$D$35,4),IF(AJ30="d",VLOOKUP(AM30,DownHill!$A$3:$D$29,4),IF(AJ30="f",VLOOKUP(AM30,FlatUnd!$A$2:$D$30,4),IF(AJ30="t",VLOOKUP(AM30,TimeAdd!$A$1:$D$18,4),IF(AJ30="l",VLOOKUP(AM30,SLimit!$A$1:$D$8,4),AP29)))))),AP29) -> 30 | AQ30: =M30 -> 60 | AR30: =L30 -> Valley Trust, SANTA, KwaNyuswa {Right} | AU30: =IF(GroupStTimes!$A$8=0,MIN(CB30,CD30,CF30),MIN(BZ30,CB30,CD30,CF30)) -> 0.25865741 | AV30: =IF(GroupStTimes!$A$8=0,MAX(CC30,CE30,CG30),MAX(CA30,CC30,CE30,CG30)) -> 0.32185185 | AW30: =IF(U30="","",CONCATENATE(FIXED(U30,5)," ",FIXED(V30,5))) | AX30: =IF(AJ30="m",ROUND(W30,5),"") | AY30: =IF(AJ30="m",ROUND(X30,5),"") | AZ30: =IF(AND(AM29=AM28,AN29=AN28,AO29=AO28,AP29=AP28,AJ30<>"t"),AZ29,IF(AJ30="t",AI30,AI29)) -> 0 | BA30: =IF(AND($AM29=$AM28,$AN29=AN28,$AO29=$AO28,$AP29=$AP28,$AJ30<>"t"),BA29,BZ29) -> 0.25069444 | BB30: =IF(AND($AM29=$AM28,$AN29=AN28,$AO29=$AO28,$AP29=$AP28,$AJ30<>"t"),BB29,CA29) -> 0.25625 | BC30: =IF(AND($AM29=$AM28,$AN29=AN28,$AO29=$AO28,$AP29=$AP28,$AJ30<>"t"),BC29,CB29) -> 0.25694444 | BD30: =IF(AND($AM29=$AM28,$AN29=AN28,$AO29=$AO28,$AP29=$AP28,$AJ30<>"t"),BD29,CC29) -> 0.30277778 | BE30: =IF(AND($AM29=$AM28,$AN29=AN28,$AO29=$AO28,$AP29=$AP28,$AJ30<>"t"),BE29,CD29) -> 0.30347222 | BF30: =IF(AND($AM29=$AM28,$AN29=AN28,$AO29=$AO28,$AP29=$AP28,$AJ30<>"t"),BF29,CE29) -> 0.31388889 | BG30: =IF(AND($AM29=$AM28,$AN29=AN28,$AO29=$AO28,$AP29=$AP28,$AJ30<>"t"),BG29,CF29) -> 0.31458333 | BH30: =IF(AND($AM29=$AM28,$AN29=AN28,$AO29=$AO28,$AP29=$AP28,$AJ30<>"t"),BH29,CG29) -> 0.31388889 | BI30: =AI30-AZ30 -> 5.73 | BJ30: =IF($AJ29="t",IF(AM28=0,0,$BI30/AM28),IF(AM29=0,0,$BI30/AM29)) -> 0.191 | BK30: =IF($AJ29="t",IF(AN28=0,0,$BI30/AN28),IF(AN29=0,0,$BI30/AN29)) -> 0.191 | BL30: =IF($AJ29="t",IF(AO28=0,0,$BI30/AO28),IF(AO29=0,0,$BI30/AO29)) -> 0.191 | BM30: =IF($AJ29="t",IF(AP28=0,0,$BI30/AP28),IF(AP29=0,0,$BI30/AP29)) -> 0.191 | BN30: =IF(AJ30="t",0,INT(BJ30)) -> 0 | BO30: =IF(AJ30="t",AM30,IF(INT((BJ30-BN30)*60)<0,1,INT((BJ30-BN30)*60))) -> 11 | BP30: =IF(AJ30="t",0,ROUND((((BJ30-BN30)*60)-BO30)*60,0)) -> 28 | BQ30: =IF(AJ30="t",0,INT(BK30)) -> 0 | BR30: =IF(AJ30="t",AN30,IF(INT((BK30-BQ30)*60)<0,1,INT((BK30-BQ30)*60))) -> 11 | BS30: =IF(AJ30="t",0,ROUND((((BK30-BQ30)*60)-BR30)*60,0)) -> 28 | BT30: =IF(AJ30="t",0,INT(BL30)) -> 0 | BU30: =IF(AJ30="t",AO30,IF(INT((BL30-BT30)*60)<0,1,INT((BL30-BT30)*60))) -> 11 | BV30: =IF(AJ30="t",0,ROUND((((BL30-BT30)*60)-BU30)*60,0)) -> 28 | BW30: =IF(AJ30="t",0,INT(BM30)) -> 0 | BX30: =IF(AJ30="t",AP30,IF(INT((BM30-BW30)*60)<0,1,INT((BM30-BW30)*60))) -> 11 | BY30: =IF(AJ30="t",0,ROUND((((BM30-BW30)*60)-BX30)*60,0)) -> 28 | BZ30: =BA30+TIME(BN30,BO30,BP30) -> 0.25865741 | CA30: =BB30+TIME(BN30,BO30,BP30) -> 0.26421296 | CB30: =BC30+TIME(BQ30,BR30,BS30) -> 0.26490741 | CC30: =BD30+TIME(BQ30,BR30,BS30) -> 0.31074074 | CD30: =BE30+TIME(BT30,BU30,BV30) -> 0.31143519 | CE30: =BF30+TIME(BT30,BU30,BV30) -> 0.32185185 | CF30: =BG30+TIME(BW30,BX30,BY30) -> 0.3225463 | CG30: =BH30+TIME(BW30,BX30,BY30) -> 0.32185185 | CL30: 60
A31: 26 | G31: 5.83 | H31: =ROUND(IF(G31="",N31,IF(P31="",I31,IF(R31="",(I31+(P31+O31))/2,IF(T31="",(I31+(P31+O31)+(R31+Q31))/3,(I31+(P31+O31)+(R31+Q31)+(T31+S31))/4)))),2) -> 5.83 | I31: 5.82 | J31: =IF(N31="","",IF((I31-$I$4)=0,0,((I31-$I$4-(N31-$N$4))/(I31-$I$4)))) -> -0.0011454754 | K31: =(I31-$I$5)-(N31-$N$5) -> -0.0066666667 | L31: 60 Speed limit | M31: 60 | N31: =IF(P31="",((I31-I30)+H30),IF(R31="",(P31+O31),IF(T31="",((P31+O31)+(R31+Q31))/2,((P31+O31)+(R31+Q31)+(T31+S31))/3))) -> 5.8266667 | P31: 5.78 | R31: 5.84 | T31: 5.86 | U31: =IF(W31="","",IF(Y31="",W31,IF(AA31<1,ROUND((Y31+W31)/2,5),IF(AC31<1,ROUND((Y31+AA31+W31)/3,5),ROUND((Y31+AA31+AC31+W31)/4,5))))) | V31: =IF(X31="","",IF(Z31<1,ROUND(X31,5),IF(AB31<1,ROUND((X31+Z31)/2,5),IF(AD31<1,ROUND((X31+Z31+AB31)/3,5),ROUND((X31+Z31+AB31+AD31)/4,5))))) | AE31: =IF(A31="","",A31) -> 26 | AF31: =IF(B31="","",B31) | AG31: =IF(C31="","",C31) | AH31: =IF(D31="","",D31) | AI31: =H31 -> 5.83 | AM31: =IF(OR(AJ31="",AJ31="m"),AM30,IF(AH31<>"",AH31,"")) -> 30 | AN31: =IF(AJ31<>"",IF(AJ31="o",VLOOKUP(AM31,OpenSect!$A$1:$D$11,2),IF(AJ31="u",VLOOKUP(AM31,UpHill!$A$1:$D$35,2),IF(AJ31="d",VLOOKUP(AM31,DownHill!$A$3:$D$29,2),IF(AJ31="f",VLOOKUP(AM31,FlatUnd!$A$2:$D$30,2),IF(AJ31="t",VLOOKUP(AM31,TimeAdd!$A$1:$D$176,2),IF(AJ31="l",VLOOKUP(AM31,SLimit!$A$1:$D$8,2),AN30)))))),AN30) -> 30 | AO31: =IF(AJ31<>"",IF(AJ31="o",VLOOKUP(AM31,OpenSect!$A$1:$D$11,3),IF(AJ31="u",VLOOKUP(AM31,UpHill!$A$1:$D$35,3),IF(AJ31="d",VLOOKUP(AM31,DownHill!$A$3:$D$29,3),IF(AJ31="f",VLOOKUP(AM31,FlatUnd!$A$2:$D$30,3),IF(AJ31="t",VLOOKUP(AM31,TimeAdd!$A$1:$D$18,3),IF(AJ31="l",VLOOKUP(AM31,SLimit!$A$1:$D$8,3),AO30)))))),AO30) -> 30 | AP31: =IF(AJ31<>"",IF(AJ31="o",VLOOKUP(AM31,OpenSect!$A$1:$D$11,4),IF(AJ31="u",VLOOKUP(AM31,UpHill!$A$1:$D$35,4),IF(AJ31="d",VLOOKUP(AM31,DownHill!$A$3:$D$29,4),IF(AJ31="f",VLOOKUP(AM31,FlatUnd!$A$2:$D$30,4),IF(AJ31="t",VLOOKUP(AM31,TimeAdd!$A$1:$D$18,4),IF(AJ31="l",VLOOKUP(AM31,SLimit!$A$1:$D$8,4),AP30)))))),AP30) -> 30 | AQ31: =M31 -> 60 | AR31: =L31 -> 60 Speed limit | AU31: =IF(GroupStTimes!$A$8=0,MIN(CB31,CD31,CF31),MIN(BZ31,CB31,CD31,CF31)) -> 0.2587963 | AV31: =IF(GroupStTimes!$A$8=0,MAX(CC31,CE31,CG31),MAX(CA31,CC31,CE31,CG31)) -> 0.32199074 | AW31: =IF(U31="","",CONCATENATE(FIXED(U31,5)," ",FIXED(V31,5))) | AX31: =IF(AJ31="m",ROUND(W31,5),"") | AY31: =IF(AJ31="m",ROUND(X31,5),"") | AZ31: =IF(AND(AM30=AM29,AN30=AN29,AO30=AO29,AP30=AP29,AJ31<>"t"),AZ30,IF(AJ31="t",AI31,AI30)) -> 0 | BA31: =IF(AND($AM30=$AM29,$AN30=AN29,$AO30=$AO29,$AP30=$AP29,$AJ31<>"t"),BA30,BZ30) -> 0.25069444 | BB31: =IF(AND($AM30=$AM29,$AN30=AN29,$AO30=$AO29,$AP30=$AP29,$AJ31<>"t"),BB30,CA30) -> 0.25625 | BC31: =IF(AND($AM30=$AM29,$AN30=AN29,$AO30=$AO29,$AP30=$AP29,$AJ31<>"t"),BC30,CB30) -> 0.25694444 | BD31: =IF(AND($AM30=$AM29,$AN30=AN29,$AO30=$AO29,$AP30=$AP29,$AJ31<>"t"),BD30,CC30) -> 0.30277778 | BE31: =IF(AND($AM30=$AM29,$AN30=AN29,$AO30=$AO29,$AP30=$AP29,$AJ31<>"t"),BE30,CD30) -> 0.30347222 | BF31: =IF(AND($AM30=$AM29,$AN30=AN29,$AO30=$AO29,$AP30=$AP29,$AJ31<>"t"),BF30,CE30) -> 0.31388889 | BG31: =IF(AND($AM30=$AM29,$AN30=AN29,$AO30=$AO29,$AP30=$AP29,$AJ31<>"t"),BG30,CF30) -> 0.31458333 | BH31: =IF(AND($AM30=$AM29,$AN30=AN29,$AO30=$AO29,$AP30=$AP29,$AJ31<>"t"),BH30,CG30) -> 0.31388889 | BI31: =AI31-AZ31 -> 5.83 | BJ31: =IF($AJ30="t",IF(AM29=0,0,$BI31/AM29),IF(AM30=0,0,$BI31/AM30)) -> 0.19433333 | BK31: =IF($AJ30="t",IF(AN29=0,0,$BI31/AN29),IF(AN30=0,0,$BI31/AN30)) -> 0.19433333 | BL31: =IF($AJ30="t",IF(AO29=0,0,$BI31/AO29),IF(AO30=0,0,$BI31/AO30)) -> 0.19433333 | BM31: =IF($AJ30="t",IF(AP29=0,0,$BI31/AP29),IF(AP30=0,0,$BI31/AP30)) -> 0.19433333 | BN31: =IF(AJ31="t",0,INT(BJ31)) -> 0 | BO31: =IF(AJ31="t",AM31,IF(INT((BJ31-BN31)*60)<0,1,INT((BJ31-BN31)*60))) -> 11 | BP31: =IF(AJ31="t",0,ROUND((((BJ31-BN31)*60)-BO31)*60,0)) -> 40 | BQ31: =IF(AJ31="t",0,INT(BK31)) -> 0 | BR31: =IF(AJ31="t",AN31,IF(INT((BK31-BQ31)*60)<0,1,INT((BK31-BQ31)*60))) -> 11 | BS31: =IF(AJ31="t",0,ROUND((((BK31-BQ31)*60)-BR31)*60,0)) -> 40 | BT31: =IF(AJ31="t",0,INT(BL31)) -> 0 | BU31: =IF(AJ31="t",AO31,IF(INT((BL31-BT31)*60)<0,1,INT((BL31-BT31)*60))) -> 11 | BV31: =IF(AJ31="t",0,ROUND((((BL31-BT31)*60)-BU31)*60,0)) -> 40 | BW31: =IF(AJ31="t",0,INT(BM31)) -> 0 | BX31: =IF(AJ31="t",AP31,IF(INT((BM31-BW31)*60)<0,1,INT((BM31-BW31)*60))) -> 11 | BY31: =IF(AJ31="t",0,ROUND((((BM31-BW31)*60)-BX31)*60,0)) -> 40 | BZ31: =BA31+TIME(BN31,BO31,BP31) -> 0.2587963 | CA31: =BB31+TIME(BN31,BO31,BP31) -> 0.26435185 | CB31: =BC31+TIME(BQ31,BR31,BS31) -> 0.2650463 | CC31: =BD31+TIME(BQ31,BR31,BS31) -> 0.31087963 | CD31: =BE31+TIME(BT31,BU31,BV31) -> 0.31157407 | CE31: =BF31+TIME(BT31,BU31,BV31) -> 0.32199074 | CF31: =BG31+TIME(BW31,BX31,BY31) -> 0.32268519 | CG31: =BH31+TIME(BW31,BX31,BY31) -> 0.32199074 | CL31: 60
G32: 5.88 | H32: =ROUND(IF(G32="",N32,IF(P32="",I32,IF(R32="",(I32+(P32+O32))/2,IF(T32="",(I32+(P32+O32)+(R32+Q32))/3,(I32+(P32+O32)+(R32+Q32)+(T32+S32))/4)))),2) -> 5.87 | I32: 5.87 | J32: =IF(N32="","",IF((I32-$I$4)=0,0,((I32-$I$4-(N32-$N$4))/(I32-$I$4)))) -> 0.0011357183 | K32: =(I32-$I$5)-(N32-$N$5) -> 0.0066666667 | L32: R103 Drummond 5. | M32: 60 | N32: =IF(P32="",((I32-I31)+H31),IF(R32="",(P32+O32),IF(T32="",((P32+O32)+(R32+Q32))/2,((P32+O32)+(R32+Q32)+(T32+S32))/3))) -> 5.8633333 | P32: 5.83 | R32: 5.88 | T32: 5.88 | U32: =IF(W32="","",IF(Y32="",W32,IF(AA32<1,ROUND((Y32+W32)/2,5),IF(AC32<1,ROUND((Y32+AA32+W32)/3,5),ROUND((Y32+AA32+AC32+W32)/4,5))))) | V32: =IF(X32="","",IF(Z32<1,ROUND(X32,5),IF(AB32<1,ROUND((X32+Z32)/2,5),IF(AD32<1,ROUND((X32+Z32+AB32)/3,5),ROUND((X32+Z32+AB32+AD32)/4,5))))) | AE32: =IF(A32="","",A32) | AF32: =IF(B32="","",B32) | AG32: =IF(C32="","",C32) | AH32: =IF(D32="","",D32) | AI32: =H32 -> 5.87 | AM32: =IF(OR(AJ32="",AJ32="m"),AM31,IF(AH32<>"",AH32,"")) -> 30 | AN32: =IF(AJ32<>"",IF(AJ32="o",VLOOKUP(AM32,OpenSect!$A$1:$D$11,2),IF(AJ32="u",VLOOKUP(AM32,UpHill!$A$1:$D$35,2),IF(AJ32="d",VLOOKUP(AM32,DownHill!$A$3:$D$29,2),IF(AJ32="f",VLOOKUP(AM32,FlatUnd!$A$2:$D$30,2),IF(AJ32="t",VLOOKUP(AM32,TimeAdd!$A$1:$D$176,2),IF(AJ32="l",VLOOKUP(AM32,SLimit!$A$1:$D$8,2),AN31)))))),AN31) -> 30 | AO32: =IF(AJ32<>"",IF(AJ32="o",VLOOKUP(AM32,OpenSect!$A$1:$D$11,3),IF(AJ32="u",VLOOKUP(AM32,UpHill!$A$1:$D$35,3),IF(AJ32="d",VLOOKUP(AM32,DownHill!$A$3:$D$29,3),IF(AJ32="f",VLOOKUP(AM32,FlatUnd!$A$2:$D$30,3),IF(AJ32="t",VLOOKUP(AM32,TimeAdd!$A$1:$D$18,3),IF(AJ32="l",VLOOKUP(AM32,SLimit!$A$1:$D$8,3),AO31)))))),AO31) -> 30 | AP32: =IF(AJ32<>"",IF(AJ32="o",VLOOKUP(AM32,OpenSect!$A$1:$D$11,4),IF(AJ32="u",VLOOKUP(AM32,UpHill!$A$1:$D$35,4),IF(AJ32="d",VLOOKUP(AM32,DownHill!$A$3:$D$29,4),IF(AJ32="f",VLOOKUP(AM32,FlatUnd!$A$2:$D$30,4),IF(AJ32="t",VLOOKUP(AM32,TimeAdd!$A$1:$D$18,4),IF(AJ32="l",VLOOKUP(AM32,SLimit!$A$1:$D$8,4),AP31)))))),AP31) -> 30 | AQ32: =M32 -> 60 | AR32: =L32 -> R103 Drummond 5. | AU32: =IF(GroupStTimes!$A$8=0,MIN(CB32,CD32,CF32),MIN(BZ32,CB32,CD32,CF32)) -> 0.25884259 | AV32: =IF(GroupStTimes!$A$8=0,MAX(CC32,CE32,CG32),MAX(CA32,CC32,CE32,CG32)) -> 0.32203704 | AW32: =IF(U32="","",CONCATENATE(FIXED(U32,5)," ",FIXED(V32,5))) | AX32: =IF(AJ32="m",ROUND(W32,5),"") | AY32: =IF(AJ32="m",ROUND(X32,5),"") | AZ32: =IF(AND(AM31=AM30,AN31=AN30,AO31=AO30,AP31=AP30,AJ32<>"t"),AZ31,IF(AJ32="t",AI32,AI31)) -> 0 | BA32: =IF(AND($AM31=$AM30,$AN31=AN30,$AO31=$AO30,$AP31=$AP30,$AJ32<>"t"),BA31,BZ31) -> 0.25069444 | BB32: =IF(AND($AM31=$AM30,$AN31=AN30,$AO31=$AO30,$AP31=$AP30,$AJ32<>"t"),BB31,CA31) -> 0.25625 | BC32: =IF(AND($AM31=$AM30,$AN31=AN30,$AO31=$AO30,$AP31=$AP30,$AJ32<>"t"),BC31,CB31) -> 0.25694444 | BD32: =IF(AND($AM31=$AM30,$AN31=AN30,$AO31=$AO30,$AP31=$AP30,$AJ32<>"t"),BD31,CC31) -> 0.30277778 | BE32: =IF(AND($AM31=$AM30,$AN31=AN30,$AO31=$AO30,$AP31=$AP30,$AJ32<>"t"),BE31,CD31) -> 0.30347222 | BF32: =IF(AND($AM31=$AM30,$AN31=AN30,$AO31=$AO30,$AP31=$AP30,$AJ32<>"t"),BF31,CE31) -> 0.31388889 | BG32: =IF(AND($AM31=$AM30,$AN31=AN30,$AO31=$AO30,$AP31=$AP30,$AJ32<>"t"),BG31,CF31) -> 0.31458333 | BH32: =IF(AND($AM31=$AM30,$AN31=AN30,$AO31=$AO30,$AP31=$AP30,$AJ32<>"t"),BH31,CG31) -> 0.31388889 | BI32: =AI32-AZ32 -> 5.87 | BJ32: =IF($AJ31="t",IF(AM30=0,0,$BI32/AM30),IF(AM31=0,0,$BI32/AM31)) -> 0.19566667 | BK32: =IF($AJ31="t",IF(AN30=0,0,$BI32/AN30),IF(AN31=0,0,$BI32/AN31)) -> 0.19566667 | BL32: =IF($AJ31="t",IF(AO30=0,0,$BI32/AO30),IF(AO31=0,0,$BI32/AO31)) -> 0.19566667 | BM32: =IF($AJ31="t",IF(AP30=0,0,$BI32/AP30),IF(AP31=0,0,$BI32/AP31)) -> 0.19566667 | BN32: =IF(AJ32="t",0,INT(BJ32)) -> 0 | BO32: =IF(AJ32="t",AM32,IF(INT((BJ32-BN32)*60)<0,1,INT((BJ32-BN32)*60))) -> 11 | BP32: =IF(AJ32="t",0,ROUND((((BJ32-BN32)*60)-BO32)*60,0)) -> 44 | BQ32: =IF(AJ32="t",0,INT(BK32)) -> 0 | BR32: =IF(AJ32="t",AN32,IF(INT((BK32-BQ32)*60)<0,1,INT((BK32-BQ32)*60))) -> 11 | BS32: =IF(AJ32="t",0,ROUND((((BK32-BQ32)*60)-BR32)*60,0)) -> 44 | BT32: =IF(AJ32="t",0,INT(BL32)) -> 0 | BU32: =IF(AJ32="t",AO32,IF(INT((BL32-BT32)*60)<0,1,INT((BL32-BT32)*60))) -> 11 | BV32: =IF(AJ32="t",0,ROUND((((BL32-BT32)*60)-BU32)*60,0)) -> 44 | BW32: =IF(AJ32="t",0,INT(BM32)) -> 0 | BX32: =IF(AJ32="t",AP32,IF(INT((BM32-BW32)*60)<0,1,INT((BM32-BW32)*60))) -> 11 | BY32: =IF(AJ32="t",0,ROUND((((BM32-BW32)*60)-BX32)*60,0)) -> 44 | BZ32: =BA32+TIME(BN32,BO32,BP32) -> 0.25884259 | CA32: =BB32+TIME(BN32,BO32,BP32) -> 0.26439815 | CB32: =BC32+TIME(BQ32,BR32,BS32) -> 0.26509259 | CC32: =BD32+TIME(BQ32,BR32,BS32) -> 0.31092593 | CD32: =BE32+TIME(BT32,BU32,BV32) -> 0.31162037 | CE32: =BF32+TIME(BT32,BU32,BV32) -> 0.32203704 | CF32: =BG32+TIME(BW32,BX32,BY32) -> 0.32273148 | CG32: =BH32+TIME(BW32,BX32,BY32) -> 0.32203704 | CL32: 60
A33: 26 | C33: f | D33: 34 | G33: 6.28 | H33: =ROUND(IF(G33="",N33,IF(P33="",I33,IF(R33="",(I33+(P33+O33))/2,IF(T33="",(I33+(P33+O33)+(R33+Q33))/3,(I33+(P33+O33)+(R33+Q33)+(T33+S33))/4)))),2) -> 6.28 | I33: 6.27 | J33: =IF(N33="","",IF((I33-$I$4)=0,0,((I33-$I$4-(N33-$N$4))/(I33-$I$4)))) -> -0.0010632642 | K33: =(I33-$I$5)-(N33-$N$5) -> -0.0066666667 | L33: [Crocodile Park] Phezulu Safari Park {Straight}. START of REGULARITY. Be careful of potholes/bad road edges. | M33: 60 | N33: =IF(P33="",((I33-I32)+H32),IF(R33="",(P33+O33),IF(T33="",((P33+O33)+(R33+Q33))/2,((P33+O33)+(R33+Q33)+(T33+S33))/3))) -> 6.2766667 | P33: 6.23 | R33: 6.29 | T33: 6.31 | U33: =IF(W33="","",IF(Y33="",W33,IF(AA33<1,ROUND((Y33+W33)/2,5),IF(AC33<1,ROUND((Y33+AA33+W33)/3,5),ROUND((Y33+AA33+AC33+W33)/4,5))))) | V33: =IF(X33="","",IF(Z33<1,ROUND(X33,5),IF(AB33<1,ROUND((X33+Z33)/2,5),IF(AD33<1,ROUND((X33+Z33+AB33)/3,5),ROUND((X33+Z33+AB33+AD33)/4,5))))) | AE33: =IF(A33="","",A33) -> 26 | AF33: =IF(B33="","",B33) | AG33: =IF(C33="","",C33) -> f | AH33: =IF(D33="","",D33) -> 34 | AI33: =H33 -> 6.28 | AM33: =IF(OR(AJ33="",AJ33="m"),AM32,IF(AH33<>"",AH33,"")) -> 30 | AN33: =IF(AJ33<>"",IF(AJ33="o",VLOOKUP(AM33,OpenSect!$A$1:$D$11,2),IF(AJ33="u",VLOOKUP(AM33,UpHill!$A$1:$D$35,2),IF(AJ33="d",VLOOKUP(AM33,DownHill!$A$3:$D$29,2),IF(AJ33="f",VLOOKUP(AM33,FlatUnd!$A$2:$D$30,2),IF(AJ33="t",VLOOKUP(AM33,TimeAdd!$A$1:$D$176,2),IF(AJ33="l",VLOOKUP(AM33,SLimit!$A$1:$D$8,2),AN32)))))),AN32) -> 30 | AO33: =IF(AJ33<>"",IF(AJ33="o",VLOOKUP(AM33,OpenSect!$A$1:$D$11,3),IF(AJ33="u",VLOOKUP(AM33,UpHill!$A$1:$D$35,3),IF(AJ33="d",VLOOKUP(AM33,DownHill!$A$3:$D$29,3),IF(AJ33="f",VLOOKUP(AM33,FlatUnd!$A$2:$D$30,3),IF(AJ33="t",VLOOKUP(AM33,TimeAdd!$A$1:$D$18,3),IF(AJ33="l",VLOOKUP(AM33,SLimit!$A$1:$D$8,3),AO32)))))),AO32) -> 30 | AP33: =IF(AJ33<>"",IF(AJ33="o",VLOOKUP(AM33,OpenSect!$A$1:$D$11,4),IF(AJ33="u",VLOOKUP(AM33,UpHill!$A$1:$D$35,4),IF(AJ33="d",VLOOKUP(AM33,DownHill!$A$3:$D$29,4),IF(AJ33="f",VLOOKUP(AM33,FlatUnd!$A$2:$D$30,4),IF(AJ33="t",VLOOKUP(AM33,TimeAdd!$A$1:$D$18,4),IF(AJ33="l",VLOOKUP(AM33,SLimit!$A$1:$D$8,4),AP32)))))),AP32) -> 30 | AQ33: =M33 -> 60 | AR33: =L33 -> [Crocodile Park] Phezulu Safari Park {Straight}. START of REGULARITY. Be careful of potholes/bad road edges. | AU33: =IF(GroupStTimes!$A$8=0,MIN(CB33,CD33,CF33),MIN(BZ33,CB33,CD33,CF33)) -> 0.2594213 | AV33: =IF(GroupStTimes!$A$8=0,MAX(CC33,CE33,CG33),MAX(CA33,CC33,CE33,CG33)) -> 0.32261574 | AW33: =IF(U33="","",CONCATENATE(FIXED(U33,5)," ",FIXED(V33,5))) | AX33: =IF(AJ33="m",ROUND(W33,5),"") | AY33: =IF(AJ33="m",ROUND(X33,5),"") | AZ33: =IF(AND(AM32=AM31,AN32=AN31,AO32=AO31,AP32=AP31,AJ33<>"t"),AZ32,IF(AJ33="t",AI33,AI32)) -> 0 | BA33: =IF(AND($AM32=$AM31,$AN32=AN31,$AO32=$AO31,$AP32=$AP31,$AJ33<>"t"),BA32,BZ32) -> 0.25069444 | BB33: =IF(AND($AM32=$AM31,$AN32=AN31,$AO32=$AO31,$AP32=$AP31,$AJ33<>"t"),BB32,CA32) -> 0.25625 | BC33: =IF(AND($AM32=$AM31,$AN32=AN31,$AO32=$AO31,$AP32=$AP31,$AJ33<>"t"),BC32,CB32) -> 0.25694444 | BD33: =IF(AND($AM32=$AM31,$AN32=AN31,$AO32=$AO31,$AP32=$AP31,$AJ33<>"t"),BD32,CC32) -> 0.30277778 | BE33: =IF(AND($AM32=$AM31,$AN32=AN31,$AO32=$AO31,$AP32=$AP31,$AJ33<>"t"),BE32,CD32) -> 0.30347222 | BF33: =IF(AND($AM32=$AM31,$AN32=AN31,$AO32=$AO31,$AP32=$AP31,$AJ33<>"t"),BF32,CE32) -> 0.31388889 | BG33: =IF(AND($AM32=$AM31,$AN32=AN31,$AO32=$AO31,$AP32=$AP31,$AJ33<>"t"),BG32,CF32) -> 0.31458333 | BH33: =IF(AND($AM32=$AM31,$AN32=AN31,$AO32=$AO31,$AP32=$AP31,$AJ33<>"t"),BH32,CG32) -> 0.31388889 | BI33: =AI33-AZ33 -> 6.28 | BJ33: =IF($AJ32="t",IF(AM31=0,0,$BI33/AM31),IF(AM32=0,0,$BI33/AM32)) -> 0.20933333 | BK33: =IF($AJ32="t",IF(AN31=0,0,$BI33/AN31),IF(AN32=0,0,$BI33/AN32)) -> 0.20933333 | BL33: =IF($AJ32="t",IF(AO31=0,0,$BI33/AO31),IF(AO32=0,0,$BI33/AO32)) -> 0.20933333 | BM33: =IF($AJ32="t",IF(AP31=0,0,$BI33/AP31),IF(AP32=0,0,$BI33/AP32)) -> 0.20933333 | BN33: =IF(AJ33="t",0,INT(BJ33)) -> 0 | BO33: =IF(AJ33="t",AM33,IF(INT((BJ33-BN33)*60)<0,1,INT((BJ33-BN33)*60))) -> 12 | BP33: =IF(AJ33="t",0,ROUND((((BJ33-BN33)*60)-BO33)*60,0)) -> 34 | BQ33: =IF(AJ33="t",0,INT(BK33)) -> 0 | BR33: =IF(AJ33="t",AN33,IF(INT((BK33-BQ33)*60)<0,1,INT((BK33-BQ33)*60))) -> 12 | BS33: =IF(AJ33="t",0,ROUND((((BK33-BQ33)*60)-BR33)*60,0)) -> 34 | BT33: =IF(AJ33="t",0,INT(BL33)) -> 0 | BU33: =IF(AJ33="t",AO33,IF(INT((BL33-BT33)*60)<0,1,INT((BL33-BT33)*60))) -> 12 | BV33: =IF(AJ33="t",0,ROUND((((BL33-BT33)*60)-BU33)*60,0)) -> 34 | BW33: =IF(AJ33="t",0,INT(BM33)) -> 0 | BX33: =IF(AJ33="t",AP33,IF(INT((BM33-BW33)*60)<0,1,INT((BM33-BW33)*60))) -> 12 | BY33: =IF(AJ33="t",0,ROUND((((BM33-BW33)*60)-BX33)*60,0)) -> 34 | BZ33: =BA33+TIME(BN33,BO33,BP33) -> 0.2594213 | CA33: =BB33+TIME(BN33,BO33,BP33) -> 0.26497685 | CB33: =BC33+TIME(BQ33,BR33,BS33) -> 0.2656713 | CC33: =BD33+TIME(BQ33,BR33,BS33) -> 0.31150463 | CD33: =BE33+TIME(BT33,BU33,BV33) -> 0.31219907 | CE33: =BF33+TIME(BT33,BU33,BV33) -> 0.32261574 | CF33: =BG33+TIME(BW33,BX33,BY33) -> 0.32331019 | CG33: =BH33+TIME(BW33,BX33,BY33) -> 0.32261574 | CL33: 60
A34: 26 | C34: f | D34: 34 | G34: 6.34 | H34: =ROUND(IF(G34="",N34,IF(P34="",I34,IF(R34="",(I34+(P34+O34))/2,IF(T34="",(I34+(P34+O34)+(R34+Q34))/3,(I34+(P34+O34)+(R34+Q34)+(T34+S34))/4)))),2) -> 6.33 | I34: 6.32 | J34: =IF(N34="","",IF((I34-$I$4)=0,0,((I34-$I$4-(N34-$N$4))/(I34-$I$4)))) -> -0.0026371308 | K34: =(I34-$I$5)-(N34-$N$5) -> -0.016666667 | L34: [Restaurant] [View point] 1000 Hills Chefs School {Right}. START of REGULARITY. Be careful of the uneven road surface. | M34: 60 | N34: =IF(P34="",((I34-I33)+H33),IF(R34="",(P34+O34),IF(T34="",((P34+O34)+(R34+Q34))/2,((P34+O34)+(R34+Q34)+(T34+S34))/3))) -> 6.3366667 | P34: 6.29 | R34: 6.35 | T34: 6.37 | U34: =IF(W34="","",IF(Y34="",W34,IF(AA34<1,ROUND((Y34+W34)/2,5),IF(AC34<1,ROUND((Y34+AA34+W34)/3,5),ROUND((Y34+AA34+AC34+W34)/4,5))))) | V34: =IF(X34="","",IF(Z34<1,ROUND(X34,5),IF(AB34<1,ROUND((X34+Z34)/2,5),IF(AD34<1,ROUND((X34+Z34+AB34)/3,5),ROUND((X34+Z34+AB34+AD34)/4,5))))) | AE34: =IF(A34="","",A34) -> 26 | AF34: =IF(B34="","",B34) | AG34: =IF(C34="","",C34) -> f | AH34: =IF(D34="","",D34) -> 34 | AI34: =H34 -> 6.33 | AJ34: f | AM34: =IF(OR(AJ34="",AJ34="m"),AM33,IF(AH34<>"",AH34,"")) -> 34 | AN34: =IF(AJ34<>"",IF(AJ34="o",VLOOKUP(AM34,OpenSect!$A$1:$D$11,2),IF(AJ34="u",VLOOKUP(AM34,UpHill!$A$1:$D$35,2),IF(AJ34="d",VLOOKUP(AM34,DownHill!$A$3:$D$29,2),IF(AJ34="f",VLOOKUP(AM34,FlatUnd!$A$2:$D$30,2),IF(AJ34="t",VLOOKUP(AM34,TimeAdd!$A$1:$D$176,2),IF(AJ34="l",VLOOKUP(AM34,SLimit!$A$1:$D$8,2),AN33)))))),AN33) -> 39 | AO34: =IF(AJ34<>"",IF(AJ34="o",VLOOKUP(AM34,OpenSect!$A$1:$D$11,3),IF(AJ34="u",VLOOKUP(AM34,UpHill!$A$1:$D$35,3),IF(AJ34="d",VLOOKUP(AM34,DownHill!$A$3:$D$29,3),IF(AJ34="f",VLOOKUP(AM34,FlatUnd!$A$2:$D$30,3),IF(AJ34="t",VLOOKUP(AM34,TimeAdd!$A$1:$D$18,3),IF(AJ34="l",VLOOKUP(AM34,SLimit!$A$1:$D$8,3),AO33)))))),AO33) -> 44 | AP34: =IF(AJ34<>"",IF(AJ34="o",VLOOKUP(AM34,OpenSect!$A$1:$D$11,4),IF(AJ34="u",VLOOKUP(AM34,UpHill!$A$1:$D$35,4),IF(AJ34="d",VLOOKUP(AM34,DownHill!$A$3:$D$29,4),IF(AJ34="f",VLOOKUP(AM34,FlatUnd!$A$2:$D$30,4),IF(AJ34="t",VLOOKUP(AM34,TimeAdd!$A$1:$D$18,4),IF(AJ34="l",VLOOKUP(AM34,SLimit!$A$1:$D$8,4),AP33)))))),AP33) -> 49 | AQ34: =M34 -> 60 | AR34: =L34 -> [Restaurant] [View point] 1000 Hills Chefs School {Right}. START of REGULARITY. Be careful of the uneven road surface. | AU34: =IF(GroupStTimes!$A$8=0,MIN(CB34,CD34,CF34),MIN(BZ34,CB34,CD34,CF34)) -> 0.25949074 | AV34: =IF(GroupStTimes!$A$8=0,MAX(CC34,CE34,CG34),MAX(CA34,CC34,CE34,CG34)) -> 0.32268519 | AW34: =IF(U34="","",CONCATENATE(FIXED(U34,5)," ",FIXED(V34,5))) | AX34: =IF(AJ34="m",ROUND(W34,5),"") | AY34: =IF(AJ34="m",ROUND(X34,5),"") | AZ34: =IF(AND(AM33=AM32,AN33=AN32,AO33=AO32,AP33=AP32,AJ34<>"t"),AZ33,IF(AJ34="t",AI34,AI33)) -> 0 | BA34: =IF(AND($AM33=$AM32,$AN33=AN32,$AO33=$AO32,$AP33=$AP32,$AJ34<>"t"),BA33,BZ33) -> 0.25069444 | BB34: =IF(AND($AM33=$AM32,$AN33=AN32,$AO33=$AO32,$AP33=$AP32,$AJ34<>"t"),BB33,CA33) -> 0.25625 | BC34: =IF(AND($AM33=$AM32,$AN33=AN32,$AO33=$AO32,$AP33=$AP32,$AJ34<>"t"),BC33,CB33) -> 0.25694444 | BD34: =IF(AND($AM33=$AM32,$AN33=AN32,$AO33=$AO32,$AP33=$AP32,$AJ34<>"t"),BD33,CC33) -> 0.30277778 | BE34: =IF(AND($AM33=$AM32,$AN33=AN32,$AO33=$AO32,$AP33=$AP32,$AJ34<>"t"),BE33,CD33) -> 0.30347222 | BF34: =IF(AND($AM33=$AM32,$AN33=AN32,$AO33=$AO32,$AP33=$AP32,$AJ34<>"t"),BF33,CE33) -> 0.31388889 | BG34: =IF(AND($AM33=$AM32,$AN33=AN32,$AO33=$AO32,$AP33=$AP32,$AJ34<>"t"),BG33,CF33) -> 0.31458333 | BH34: =IF(AND($AM33=$AM32,$AN33=AN32,$AO33=$AO32,$AP33=$AP32,$AJ34<>"t"),BH33,CG33) -> 0.31388889 | BI34: =AI34-AZ34 -> 6.33 | BJ34: =IF($AJ33="t",IF(AM32=0,0,$BI34/AM32),IF(AM33=0,0,$BI34/AM33)) -> 0.211 | BK34: =IF($AJ33="t",IF(AN32=0,0,$BI34/AN32),IF(AN33=0,0,$BI34/AN33)) -> 0.211 | BL34: =IF($AJ33="t",IF(AO32=0,0,$BI34/AO32),IF(AO33=0,0,$BI34/AO33)) -> 0.211 | BM34: =IF($AJ33="t",IF(AP32=0,0,$BI34/AP32),IF(AP33=0,0,$BI34/AP33)) -> 0.211 | BN34: =IF(AJ34="t",0,INT(BJ34)) -> 0 | BO34: =IF(AJ34="t",AM34,IF(INT((BJ34-BN34)*60)<0,1,INT((BJ34-BN34)*60))) -> 12 | BP34: =IF(AJ34="t",0,ROUND((((BJ34-BN34)*60)-BO34)*60,0)) -> 40 | BQ34: =IF(AJ34="t",0,INT(BK34)) -> 0 | BR34: =IF(AJ34="t",AN34,IF(INT((BK34-BQ34)*60)<0,1,INT((BK34-BQ34)*60))) -> 12 | BS34: =IF(AJ34="t",0,ROUND((((BK34-BQ34)*60)-BR34)*60,0)) -> 40 | BT34: =IF(AJ34="t",0,INT(BL34)) -> 0 | BU34: =IF(AJ34="t",AO34,IF(INT((BL34-BT34)*60)<0,1,INT((BL34-BT34)*60))) -> 12 | BV34: =IF(AJ34="t",0,ROUND((((BL34-BT34)*60)-BU34)*60,0)) -> 40 | BW34: =IF(AJ34="t",0,INT(BM34)) -> 0 | BX34: =IF(AJ34="t",AP34,IF(INT((BM34-BW34)*60)<0,1,INT((BM34-BW34)*60))) -> 12 | BY34: =IF(AJ34="t",0,ROUND((((BM34-BW34)*60)-BX34)*60,0)) -> 40 | BZ34: =BA34+TIME(BN34,BO34,BP34) -> 0.25949074 | CA34: =BB34+TIME(BN34,BO34,BP34) -> 0.2650463 | CB34: =BC34+TIME(BQ34,BR34,BS34) -> 0.26574074 | CC34: =BD34+TIME(BQ34,BR34,BS34) -> 0.31157407 | CD34: =BE34+TIME(BT34,BU34,BV34) -> 0.31226852 | CE34: =BF34+TIME(BT34,BU34,BV34) -> 0.32268519 | CF34: =BG34+TIME(BW34,BX34,BY34) -> 0.32337963 | CG34: =BH34+TIME(BW34,BX34,BY34) -> 0.32268519 | CL34: 60
A35: 26 | G35: 7.14 | H35: =ROUND(IF(G35="",N35,IF(P35="",I35,IF(R35="",(I35+(P35+O35))/2,IF(T35="",(I35+(P35+O35)+(R35+Q35))/3,(I35+(P35+O35)+(R35+Q35)+(T35+S35))/4)))),2) -> 7.14 | I35: 7.13 | J35: =IF(N35="","",IF((I35-$I$4)=0,0,((I35-$I$4-(N35-$N$4))/(I35-$I$4)))) -> -0.00093501636 | K35: =(I35-$I$5)-(N35-$N$5) -> -0.0066666667 | L35: [Crocodile Park] Phezulu Safari Park {Right} | M35: 60 | N35: =IF(P35="",((I35-I34)+H34),IF(R35="",(P35+O35),IF(T35="",((P35+O35)+(R35+Q35))/2,((P35+O35)+(R35+Q35)+(T35+S35))/3))) -> 7.1366667 | P35: 7.09 | R35: 7.15 | T35: 7.17 | U35: =IF(W35="","",IF(Y35="",W35,IF(AA35<1,ROUND((Y35+W35)/2,5),IF(AC35<1,ROUND((Y35+AA35+W35)/3,5),ROUND((Y35+AA35+AC35+W35)/4,5))))) | V35: =IF(X35="","",IF(Z35<1,ROUND(X35,5),IF(AB35<1,ROUND((X35+Z35)/2,5),IF(AD35<1,ROUND((X35+Z35+AB35)/3,5),ROUND((X35+Z35+AB35+AD35)/4,5))))) | AE35: =IF(A35="","",A35) -> 26 | AF35: =IF(B35="","",B35) | AG35: =IF(C35="","",C35) | AH35: =IF(D35="","",D35) | AI35: =H35 -> 7.14 | AM35: =IF(OR(AJ35="",AJ35="m"),AM34,IF(AH35<>"",AH35,"")) -> 34 | AN35: =IF(AJ35<>"",IF(AJ35="o",VLOOKUP(AM35,OpenSect!$A$1:$D$11,2),IF(AJ35="u",VLOOKUP(AM35,UpHill!$A$1:$D$35,2),IF(AJ35="d",VLOOKUP(AM35,DownHill!$A$3:$D$29,2),IF(AJ35="f",VLOOKUP(AM35,FlatUnd!$A$2:$D$30,2),IF(AJ35="t",VLOOKUP(AM35,TimeAdd!$A$1:$D$176,2),IF(AJ35="l",VLOOKUP(AM35,SLimit!$A$1:$D$8,2),AN34)))))),AN34) -> 39 | AO35: =IF(AJ35<>"",IF(AJ35="o",VLOOKUP(AM35,OpenSect!$A$1:$D$11,3),IF(AJ35="u",VLOOKUP(AM35,UpHill!$A$1:$D$35,3),IF(AJ35="d",VLOOKUP(AM35,DownHill!$A$3:$D$29,3),IF(AJ35="f",VLOOKUP(AM35,FlatUnd!$A$2:$D$30,3),IF(AJ35="t",VLOOKUP(AM35,TimeAdd!$A$1:$D$18,3),IF(AJ35="l",VLOOKUP(AM35,SLimit!$A$1:$D$8,3),AO34)))))),AO34) -> 44 | AP35: =IF(AJ35<>"",IF(AJ35="o",VLOOKUP(AM35,OpenSect!$A$1:$D$11,4),IF(AJ35="u",VLOOKUP(AM35,UpHill!$A$1:$D$35,4),IF(AJ35="d",VLOOKUP(AM35,DownHill!$A$3:$D$29,4),IF(AJ35="f",VLOOKUP(AM35,FlatUnd!$A$2:$D$30,4),IF(AJ35="t",VLOOKUP(AM35,TimeAdd!$A$1:$D$18,4),IF(AJ35="l",VLOOKUP(AM35,SLimit!$A$1:$D$8,4),AP34)))))),AP34) -> 49 | AQ35: =M35 -> 60 | AR35: =L35 -> [Crocodile Park] Phezulu Safari Park {Right} | AU35: =IF(GroupStTimes!$A$8=0,MIN(CB35,CD35,CF35),MIN(BZ35,CB35,CD35,CF35)) -> 0.26048611 | AV35: =IF(GroupStTimes!$A$8=0,MAX(CC35,CE35,CG35),MAX(CA35,CC35,CE35,CG35)) -> 0.32344907 | AW35: =IF(U35="","",CONCATENATE(FIXED(U35,5)," ",FIXED(V35,5))) | AX35: =IF(AJ35="m",ROUND(W35,5),"") | AY35: =IF(AJ35="m",ROUND(X35,5),"") | AZ35: =IF(AND(AM34=AM33,AN34=AN33,AO34=AO33,AP34=AP33,AJ35<>"t"),AZ34,IF(AJ35="t",AI35,AI34)) -> 6.33 | BA35: =IF(AND($AM34=$AM33,$AN34=AN33,$AO34=$AO33,$AP34=$AP33,$AJ35<>"t"),BA34,BZ34) -> 0.25949074 | BB35: =IF(AND($AM34=$AM33,$AN34=AN33,$AO34=$AO33,$AP34=$AP33,$AJ35<>"t"),BB34,CA34) -> 0.2650463 | BC35: =IF(AND($AM34=$AM33,$AN34=AN33,$AO34=$AO33,$AP34=$AP33,$AJ35<>"t"),BC34,CB34) -> 0.26574074 | BD35: =IF(AND($AM34=$AM33,$AN34=AN33,$AO34=$AO33,$AP34=$AP33,$AJ35<>"t"),BD34,CC34) -> 0.31157407 | BE35: =IF(AND($AM34=$AM33,$AN34=AN33,$AO34=$AO33,$AP34=$AP33,$AJ35<>"t"),BE34,CD34) -> 0.31226852 | BF35: =IF(AND($AM34=$AM33,$AN34=AN33,$AO34=$AO33,$AP34=$AP33,$AJ35<>"t"),BF34,CE34) -> 0.32268519 | BG35: =IF(AND($AM34=$AM33,$AN34=AN33,$AO34=$AO33,$AP34=$AP33,$AJ35<>"t"),BG34,CF34) -> 0.32337963 | BH35: =IF(AND($AM34=$AM33,$AN34=AN33,$AO34=$AO33,$AP34=$AP33,$AJ35<>"t"),BH34,CG34) -> 0.32268519 | BI35: =AI35-AZ35 -> 0.81 | BJ35: =IF($AJ34="t",IF(AM33=0,0,$BI35/AM33),IF(AM34=0,0,$BI35/AM34)) -> 0.023823529 | BK35: =IF($AJ34="t",IF(AN33=0,0,$BI35/AN33),IF(AN34=0,0,$BI35/AN34)) -> 0.020769231 | BL35: =IF($AJ34="t",IF(AO33=0,0,$BI35/AO33),IF(AO34=0,0,$BI35/AO34)) -> 0.018409091 | BM35: =IF($AJ34="t",IF(AP33=0,0,$BI35/AP33),IF(AP34=0,0,$BI35/AP34)) -> 0.016530612 | BN35: =IF(AJ35="t",0,INT(BJ35)) -> 0 | BO35: =IF(AJ35="t",AM35,IF(INT((BJ35-BN35)*60)<0,1,INT((BJ35-BN35)*60))) -> 1 | BP35: =IF(AJ35="t",0,ROUND((((BJ35-BN35)*60)-BO35)*60,0)) -> 26 | BQ35: =IF(AJ35="t",0,INT(BK35)) -> 0 | BR35: =IF(AJ35="t",AN35,IF(INT((BK35-BQ35)*60)<0,1,INT((BK35-BQ35)*60))) -> 1 | BS35: =IF(AJ35="t",0,ROUND((((BK35-BQ35)*60)-BR35)*60,0)) -> 15 | BT35: =IF(AJ35="t",0,INT(BL35)) -> 0 | BU35: =IF(AJ35="t",AO35,IF(INT((BL35-BT35)*60)<0,1,INT((BL35-BT35)*60))) -> 1 | BV35: =IF(AJ35="t",0,ROUND((((BL35-BT35)*60)-BU35)*60,0)) -> 6 | BW35: =IF(AJ35="t",0,INT(BM35)) -> 0 | BX35: =IF(AJ35="t",AP35,IF(INT((BM35-BW35)*60)<0,1,INT((BM35-BW35)*60))) -> 0 | BY35: =IF(AJ35="t",0,ROUND((((BM35-BW35)*60)-BX35)*60,0)) -> 60 | BZ35: =BA35+TIME(BN35,BO35,BP35) -> 0.26048611 | CA35: =BB35+TIME(BN35,BO35,BP35) -> 0.26604167 | CB35: =BC35+TIME(BQ35,BR35,BS35) -> 0.2666088 | CC35: =BD35+TIME(BQ35,BR35,BS35) -> 0.31244213 | CD35: =BE35+TIME(BT35,BU35,BV35) -> 0.31303241 | CE35: =BF35+TIME(BT35,BU35,BV35) -> 0.32344907 | CF35: =BG35+TIME(BW35,BX35,BY35) -> 0.32407407 | CG35: =BH35+TIME(BW35,BX35,BY35) -> 0.32337963 | CL35: 60
A36: 27 | B36: U!/2 | G36: 7.17 | H36: =ROUND(IF(G36="",N36,IF(P36="",I36,IF(R36="",(I36+(P36+O36))/2,IF(T36="",(I36+(P36+O36)+(R36+Q36))/3,(I36+(P36+O36)+(R36+Q36)+(T36+S36))/4)))),2) -> 7.17 | I36: 7.16 | J36: =IF(N36="","",IF((I36-$I$4)=0,0,((I36-$I$4-(N36-$N$4))/(I36-$I$4)))) -> -0.0009310987 | K36: =(I36-$I$5)-(N36-$N$5) -> -0.0066666667 | L36: 60 Speed limit | M36: 60 | N36: =IF(P36="",((I36-I35)+H35),IF(R36="",(P36+O36),IF(T36="",((P36+O36)+(R36+Q36))/2,((P36+O36)+(R36+Q36)+(T36+S36))/3))) -> 7.1666667 | P36: 7.12 | R36: 7.18 | T36: 7.2 | U36: =IF(W36="","",IF(Y36="",W36,IF(AA36<1,ROUND((Y36+W36)/2,5),IF(AC36<1,ROUND((Y36+AA36+W36)/3,5),ROUND((Y36+AA36+AC36+W36)/4,5))))) | V36: =IF(X36="","",IF(Z36<1,ROUND(X36,5),IF(AB36<1,ROUND((X36+Z36)/2,5),IF(AD36<1,ROUND((X36+Z36+AB36)/3,5),ROUND((X36+Z36+AB36+AD36)/4,5))))) | AE36: =IF(A36="","",A36) -> 27 | AF36: =IF(B36="","",B36) -> U!/2 | AG36: =IF(C36="","",C36) | AH36: =IF(D36="","",D36) | AI36: =H36 -> 7.17 | AM36: =IF(OR(AJ36="",AJ36="m"),AM35,IF(AH36<>"",AH36,"")) -> 34 | AN36: =IF(AJ36<>"",IF(AJ36="o",VLOOKUP(AM36,OpenSect!$A$1:$D$11,2),IF(AJ36="u",VLOOKUP(AM36,UpHill!$A$1:$D$35,2),IF(AJ36="d",VLOOKUP(AM36,DownHill!$A$3:$D$29,2),IF(AJ36="f",VLOOKUP(AM36,FlatUnd!$A$2:$D$30,2),IF(AJ36="t",VLOOKUP(AM36,TimeAdd!$A$1:$D$176,2),IF(AJ36="l",VLOOKUP(AM36,SLimit!$A$1:$D$8,2),AN35)))))),AN35) -> 39 | AO36: =IF(AJ36<>"",IF(AJ36="o",VLOOKUP(AM36,OpenSect!$A$1:$D$11,3),IF(AJ36="u",VLOOKUP(AM36,UpHill!$A$1:$D$35,3),IF(AJ36="d",VLOOKUP(AM36,DownHill!$A$3:$D$29,3),IF(AJ36="f",VLOOKUP(AM36,FlatUnd!$A$2:$D$30,3),IF(AJ36="t",VLOOKUP(AM36,TimeAdd!$A$1:$D$18,3),IF(AJ36="l",VLOOKUP(AM36,SLimit!$A$1:$D$8,3),AO35)))))),AO35) -> 44 | AP36: =IF(AJ36<>"",IF(AJ36="o",VLOOKUP(AM36,OpenSect!$A$1:$D$11,4),IF(AJ36="u",VLOOKUP(AM36,UpHill!$A$1:$D$35,4),IF(AJ36="d",VLOOKUP(AM36,DownHill!$A$3:$D$29,4),IF(AJ36="f",VLOOKUP(AM36,FlatUnd!$A$2:$D$30,4),IF(AJ36="t",VLOOKUP(AM36,TimeAdd!$A$1:$D$18,4),IF(AJ36="l",VLOOKUP(AM36,SLimit!$A$1:$D$8,4),AP35)))))),AP35) -> 49 | AQ36: =M36 -> 60 | AR36: =L36 -> 60 Speed limit | AU36: =IF(GroupStTimes!$A$8=0,MIN(CB36,CD36,CF36),MIN(BZ36,CB36,CD36,CF36)) -> 0.26052083 | AV36: =IF(GroupStTimes!$A$8=0,MAX(CC36,CE36,CG36),MAX(CA36,CC36,CE36,CG36)) -> 0.3234838 | AW36: =IF(U36="","",CONCATENATE(FIXED(U36,5)," ",FIXED(V36,5))) | AX36: =IF(AJ36="m",ROUND(W36,5),"") | AY36: =IF(AJ36="m",ROUND(X36,5),"") | AZ36: =IF(AND(AM35=AM34,AN35=AN34,AO35=AO34,AP35=AP34,AJ36<>"t"),AZ35,IF(AJ36="t",AI36,AI35)) -> 6.33 | BA36: =IF(AND($AM35=$AM34,$AN35=AN34,$AO35=$AO34,$AP35=$AP34,$AJ36<>"t"),BA35,BZ35) -> 0.25949074 | BB36: =IF(AND($AM35=$AM34,$AN35=AN34,$AO35=$AO34,$AP35=$AP34,$AJ36<>"t"),BB35,CA35) -> 0.2650463 | BC36: =IF(AND($AM35=$AM34,$AN35=AN34,$AO35=$AO34,$AP35=$AP34,$AJ36<>"t"),BC35,CB35) -> 0.26574074 | BD36: =IF(AND($AM35=$AM34,$AN35=AN34,$AO35=$AO34,$AP35=$AP34,$AJ36<>"t"),BD35,CC35) -> 0.31157407 | BE36: =IF(AND($AM35=$AM34,$AN35=AN34,$AO35=$AO34,$AP35=$AP34,$AJ36<>"t"),BE35,CD35) -> 0.31226852 | BF36: =IF(AND($AM35=$AM34,$AN35=AN34,$AO35=$AO34,$AP35=$AP34,$AJ36<>"t"),BF35,CE35) -> 0.32268519 | BG36: =IF(AND($AM35=$AM34,$AN35=AN34,$AO35=$AO34,$AP35=$AP34,$AJ36<>"t"),BG35,CF35) -> 0.32337963 | BH36: =IF(AND($AM35=$AM34,$AN35=AN34,$AO35=$AO34,$AP35=$AP34,$AJ36<>"t"),BH35,CG35) -> 0.32268519 | BI36: =AI36-AZ36 -> 0.84 | BJ36: =IF($AJ35="t",IF(AM34=0,0,$BI36/AM34),IF(AM35=0,0,$BI36/AM35)) -> 0.024705882 | BK36: =IF($AJ35="t",IF(AN34=0,0,$BI36/AN34),IF(AN35=0,0,$BI36/AN35)) -> 0.021538462 | BL36: =IF($AJ35="t",IF(AO34=0,0,$BI36/AO34),IF(AO35=0,0,$BI36/AO35)) -> 0.019090909 | BM36: =IF($AJ35="t",IF(AP34=0,0,$BI36/AP34),IF(AP35=0,0,$BI36/AP35)) -> 0.017142857 | BN36: =IF(AJ36="t",0,INT(BJ36)) -> 0 | BO36: =IF(AJ36="t",AM36,IF(INT((BJ36-BN36)*60)<0,1,INT((BJ36-BN36)*60))) -> 1 | BP36: =IF(AJ36="t",0,ROUND((((BJ36-BN36)*60)-BO36)*60,0)) -> 29 | BQ36: =IF(AJ36="t",0,INT(BK36)) -> 0 | BR36: =IF(AJ36="t",AN36,IF(INT((BK36-BQ36)*60)<0,1,INT((BK36-BQ36)*60))) -> 1 | BS36: =IF(AJ36="t",0,ROUND((((BK36-BQ36)*60)-BR36)*60,0)) -> 18 | BT36: =IF(AJ36="t",0,INT(BL36)) -> 0 | BU36: =IF(AJ36="t",AO36,IF(INT((BL36-BT36)*60)<0,1,INT((BL36-BT36)*60))) -> 1 | BV36: =IF(AJ36="t",0,ROUND((((BL36-BT36)*60)-BU36)*60,0)) -> 9 | BW36: =IF(AJ36="t",0,INT(BM36)) -> 0 | BX36: =IF(AJ36="t",AP36,IF(INT((BM36-BW36)*60)<0,1,INT((BM36-BW36)*60))) -> 1 | BY36: =IF(AJ36="t",0,ROUND((((BM36-BW36)*60)-BX36)*60,0)) -> 2 | BZ36: =BA36+TIME(BN36,BO36,BP36) -> 0.26052083 | CA36: =BB36+TIME(BN36,BO36,BP36) -> 0.26607639 | CB36: =BC36+TIME(BQ36,BR36,BS36) -> 0.26664352 | CC36: =BD36+TIME(BQ36,BR36,BS36) -> 0.31247685 | CD36: =BE36+TIME(BT36,BU36,BV36) -> 0.31306713 | CE36: =BF36+TIME(BT36,BU36,BV36) -> 0.3234838 | CF36: =BG36+TIME(BW36,BX36,BY36) -> 0.32409722 | CG36: =BH36+TIME(BW36,BX36,BY36) -> 0.32340278 | CL36: 60
A37: 27 | G37: 7.45 | H37: =ROUND(IF(G37="",N37,IF(P37="",I37,IF(R37="",(I37+(P37+O37))/2,IF(T37="",(I37+(P37+O37)+(R37+Q37))/3,(I37+(P37+O37)+(R37+Q37)+(T37+S37))/4)))),2) -> 7.45 | I37: 7.44 | J37: =IF(N37="","",IF((I37-$I$4)=0,0,((I37-$I$4-(N37-$N$4))/(I37-$I$4)))) -> -0.00089605735 | K37: =(I37-$I$5)-(N37-$N$5) -> -0.0066666667 | L37: Warning - Side road junction {Left}. | M37: 60 | N37: =IF(P37="",((I37-I36)+H36),IF(R37="",(P37+O37),IF(T37="",((P37+O37)+(R37+Q37))/2,((P37+O37)+(R37+Q37)+(T37+S37))/3))) -> 7.4466667 | P37: 7.4 | R37: 7.46 | T37: 7.48 | U37: =IF(W37="","",IF(Y37="",W37,IF(AA37<1,ROUND((Y37+W37)/2,5),IF(AC37<1,ROUND((Y37+AA37+W37)/3,5),ROUND((Y37+AA37+AC37+W37)/4,5))))) | V37: =IF(X37="","",IF(Z37<1,ROUND(X37,5),IF(AB37<1,ROUND((X37+Z37)/2,5),IF(AD37<1,ROUND((X37+Z37+AB37)/3,5),ROUND((X37+Z37+AB37+AD37)/4,5))))) | AE37: =IF(A37="","",A37) -> 27 | AF37: =IF(B37="","",B37) | AG37: =IF(C37="","",C37) | AH37: =IF(D37="","",D37) | AI37: =H37 -> 7.45 | AM37: =IF(OR(AJ37="",AJ37="m"),AM36,IF(AH37<>"",AH37,"")) -> 34 | AN37: =IF(AJ37<>"",IF(AJ37="o",VLOOKUP(AM37,OpenSect!$A$1:$D$11,2),IF(AJ37="u",VLOOKUP(AM37,UpHill!$A$1:$D$35,2),IF(AJ37="d",VLOOKUP(AM37,DownHill!$A$3:$D$29,2),IF(AJ37="f",VLOOKUP(AM37,FlatUnd!$A$2:$D$30,2),IF(AJ37="t",VLOOKUP(AM37,TimeAdd!$A$1:$D$176,2),IF(AJ37="l",VLOOKUP(AM37,SLimit!$A$1:$D$8,2),AN36)))))),AN36) -> 39 | AO37: =IF(AJ37<>"",IF(AJ37="o",VLOOKUP(AM37,OpenSect!$A$1:$D$11,3),IF(AJ37="u",VLOOKUP(AM37,UpHill!$A$1:$D$35,3),IF(AJ37="d",VLOOKUP(AM37,DownHill!$A$3:$D$29,3),IF(AJ37="f",VLOOKUP(AM37,FlatUnd!$A$2:$D$30,3),IF(AJ37="t",VLOOKUP(AM37,TimeAdd!$A$1:$D$18,3),IF(AJ37="l",VLOOKUP(AM37,SLimit!$A$1:$D$8,3),AO36)))))),AO36) -> 44 | AP37: =IF(AJ37<>"",IF(AJ37="o",VLOOKUP(AM37,OpenSect!$A$1:$D$11,4),IF(AJ37="u",VLOOKUP(AM37,UpHill!$A$1:$D$35,4),IF(AJ37="d",VLOOKUP(AM37,DownHill!$A$3:$D$29,4),IF(AJ37="f",VLOOKUP(AM37,FlatUnd!$A$2:$D$30,4),IF(AJ37="t",VLOOKUP(AM37,TimeAdd!$A$1:$D$18,4),IF(AJ37="l",VLOOKUP(AM37,SLimit!$A$1:$D$8,4),AP36)))))),AP36) -> 49 | AQ37: =M37 -> 60 | AR37: =L37 -> Warning - Side road junction {Left}. | AU37: =IF(GroupStTimes!$A$8=0,MIN(CB37,CD37,CF37),MIN(BZ37,CB37,CD37,CF37)) -> 0.26086806 | AV37: =IF(GroupStTimes!$A$8=0,MAX(CC37,CE37,CG37),MAX(CA37,CC37,CE37,CG37)) -> 0.32375 | AW37: =IF(U37="","",CONCATENATE(FIXED(U37,5)," ",FIXED(V37,5))) | AX37: =IF(AJ37="m",ROUND(W37,5),"") | AY37: =IF(AJ37="m",ROUND(X37,5),"") | AZ37: =IF(AND(AM36=AM35,AN36=AN35,AO36=AO35,AP36=AP35,AJ37<>"t"),AZ36,IF(AJ37="t",AI37,AI36)) -> 6.33 | BA37: =IF(AND($AM36=$AM35,$AN36=AN35,$AO36=$AO35,$AP36=$AP35,$AJ37<>"t"),BA36,BZ36) -> 0.25949074 | BB37: =IF(AND($AM36=$AM35,$AN36=AN35,$AO36=$AO35,$AP36=$AP35,$AJ37<>"t"),BB36,CA36) -> 0.2650463 | BC37: =IF(AND($AM36=$AM35,$AN36=AN35,$AO36=$AO35,$AP36=$AP35,$AJ37<>"t"),BC36,CB36) -> 0.26574074 | BD37: =IF(AND($AM36=$AM35,$AN36=AN35,$AO36=$AO35,$AP36=$AP35,$AJ37<>"t"),BD36,CC36) -> 0.31157407 | BE37: =IF(AND($AM36=$AM35,$AN36=AN35,$AO36=$AO35,$AP36=$AP35,$AJ37<>"t"),BE36,CD36) -> 0.31226852 | BF37: =IF(AND($AM36=$AM35,$AN36=AN35,$AO36=$AO35,$AP36=$AP35,$AJ37<>"t"),BF36,CE36) -> 0.32268519 | BG37: =IF(AND($AM36=$AM35,$AN36=AN35,$AO36=$AO35,$AP36=$AP35,$AJ37<>"t"),BG36,CF36) -> 0.32337963 | BH37: =IF(AND($AM36=$AM35,$AN36=AN35,$AO36=$AO35,$AP36=$AP35,$AJ37<>"t"),BH36,CG36) -> 0.32268519 | BI37: =AI37-AZ37 -> 1.12 | BJ37: =IF($AJ36="t",IF(AM35=0,0,$BI37/AM35),IF(AM36=0,0,$BI37/AM36)) -> 0.032941176 | BK37: =IF($AJ36="t",IF(AN35=0,0,$BI37/AN35),IF(AN36=0,0,$BI37/AN36)) -> 0.028717949 | BL37: =IF($AJ36="t",IF(AO35=0,0,$BI37/AO35),IF(AO36=0,0,$BI37/AO36)) -> 0.025454545 | BM37: =IF($AJ36="t",IF(AP35=0,0,$BI37/AP35),IF(AP36=0,0,$BI37/AP36)) -> 0.022857143 | BN37: =IF(AJ37="t",0,INT(BJ37)) -> 0 | BO37: =IF(AJ37="t",AM37,IF(INT((BJ37-BN37)*60)<0,1,INT((BJ37-BN37)*60))) -> 1 | BP37: =IF(AJ37="t",0,ROUND((((BJ37-BN37)*60)-BO37)*60,0)) -> 59 | BQ37: =IF(AJ37="t",0,INT(BK37)) -> 0 | BR37: =IF(AJ37="t",AN37,IF(INT((BK37-BQ37)*60)<0,1,INT((BK37-BQ37)*60))) -> 1 | BS37: =IF(AJ37="t",0,ROUND((((BK37-BQ37)*60)-BR37)*60,0)) -> 43 | BT37: =IF(AJ37="t",0,INT(BL37)) -> 0 | BU37: =IF(AJ37="t",AO37,IF(INT((BL37-BT37)*60)<0,1,INT((BL37-BT37)*60))) -> 1 | BV37: =IF(AJ37="t",0,ROUND((((BL37-BT37)*60)-BU37)*60,0)) -> 32 | BW37: =IF(AJ37="t",0,INT(BM37)) -> 0 | BX37: =IF(AJ37="t",AP37,IF(INT((BM37-BW37)*60)<0,1,INT((BM37-BW37)*60))) -> 1 | BY37: =IF(AJ37="t",0,ROUND((((BM37-BW37)*60)-BX37)*60,0)) -> 22 | BZ37: =BA37+TIME(BN37,BO37,BP37) -> 0.26086806 | CA37: =BB37+TIME(BN37,BO37,BP37) -> 0.26642361 | CB37: =BC37+TIME(BQ37,BR37,BS37) -> 0.26693287 | CC37: =BD37+TIME(BQ37,BR37,BS37) -> 0.3127662 | CD37: =BE37+TIME(BT37,BU37,BV37) -> 0.31333333 | CE37: =BF37+TIME(BT37,BU37,BV37) -> 0.32375 | CF37: =BG37+TIME(BW37,BX37,BY37) -> 0.3243287 | CG37: =BH37+TIME(BW37,BX37,BY37) -> 0.32363426 | CL37: 60
A38: 27 | G38: 7.57 | H38: =ROUND(IF(G38="",N38,IF(P38="",I38,IF(R38="",(I38+(P38+O38))/2,IF(T38="",(I38+(P38+O38)+(R38+Q38))/3,(I38+(P38+O38)+(R38+Q38)+(T38+S38))/4)))),2) -> 7.57 | I38: 7.56 | J38: =IF(N38="","",IF((I38-$I$4)=0,0,((I38-$I$4-(N38-$N$4))/(I38-$I$4)))) -> -0.00088183422 | K38: =(I38-$I$5)-(N38-$N$5) -> -0.0066666667 | L38: [View point] Intaba View [Restaurant Sign]{Straight} | M38: 60 | N38: =IF(P38="",((I38-I37)+H37),IF(R38="",(P38+O38),IF(T38="",((P38+O38)+(R38+Q38))/2,((P38+O38)+(R38+Q38)+(T38+S38))/3))) -> 7.5666667 | P38: 7.52 | R38: 7.58 | T38: 7.6 | U38: =IF(W38="","",IF(Y38="",W38,IF(AA38<1,ROUND((Y38+W38)/2,5),IF(AC38<1,ROUND((Y38+AA38+W38)/3,5),ROUND((Y38+AA38+AC38+W38)/4,5))))) | V38: =IF(X38="","",IF(Z38<1,ROUND(X38,5),IF(AB38<1,ROUND((X38+Z38)/2,5),IF(AD38<1,ROUND((X38+Z38+AB38)/3,5),ROUND((X38+Z38+AB38+AD38)/4,5))))) | AE38: =IF(A38="","",A38) -> 27 | AF38: =IF(B38="","",B38) | AG38: =IF(C38="","",C38) | AH38: =IF(D38="","",D38) | AI38: =H38 -> 7.57 | AM38: =IF(OR(AJ38="",AJ38="m"),AM37,IF(AH38<>"",AH38,"")) -> 34 | AN38: =IF(AJ38<>"",IF(AJ38="o",VLOOKUP(AM38,OpenSect!$A$1:$D$11,2),IF(AJ38="u",VLOOKUP(AM38,UpHill!$A$1:$D$35,2),IF(AJ38="d",VLOOKUP(AM38,DownHill!$A$3:$D$29,2),IF(AJ38="f",VLOOKUP(AM38,FlatUnd!$A$2:$D$30,2),IF(AJ38="t",VLOOKUP(AM38,TimeAdd!$A$1:$D$176,2),IF(AJ38="l",VLOOKUP(AM38,SLimit!$A$1:$D$8,2),AN37)))))),AN37) -> 39 | AO38: =IF(AJ38<>"",IF(AJ38="o",VLOOKUP(AM38,OpenSect!$A$1:$D$11,3),IF(AJ38="u",VLOOKUP(AM38,UpHill!$A$1:$D$35,3),IF(AJ38="d",VLOOKUP(AM38,DownHill!$A$3:$D$29,3),IF(AJ38="f",VLOOKUP(AM38,FlatUnd!$A$2:$D$30,3),IF(AJ38="t",VLOOKUP(AM38,TimeAdd!$A$1:$D$18,3),IF(AJ38="l",VLOOKUP(AM38,SLimit!$A$1:$D$8,3),AO37)))))),AO37) -> 44 | AP38: =IF(AJ38<>"",IF(AJ38="o",VLOOKUP(AM38,OpenSect!$A$1:$D$11,4),IF(AJ38="u",VLOOKUP(AM38,UpHill!$A$1:$D$35,4),IF(AJ38="d",VLOOKUP(AM38,DownHill!$A$3:$D$29,4),IF(AJ38="f",VLOOKUP(AM38,FlatUnd!$A$2:$D$30,4),IF(AJ38="t",VLOOKUP(AM38,TimeAdd!$A$1:$D$18,4),IF(AJ38="l",VLOOKUP(AM38,SLimit!$A$1:$D$8,4),AP37)))))),AP37) -> 49 | AQ38: =M38 -> 60 | AR38: =L38 -> [View point] Intaba View [Restaurant Sign]{Straight} | AU38: =IF(GroupStTimes!$A$8=0,MIN(CB38,CD38,CF38),MIN(BZ38,CB38,CD38,CF38)) -> 0.26100694 | AV38: =IF(GroupStTimes!$A$8=0,MAX(CC38,CE38,CG38),MAX(CA38,CC38,CE38,CG38)) -> 0.32385417 | AW38: =IF(U38="","",CONCATENATE(FIXED(U38,5)," ",FIXED(V38,5))) | AX38: =IF(AJ38="m",ROUND(W38,5),"") | AY38: =IF(AJ38="m",ROUND(X38,5),"") | AZ38: =IF(AND(AM37=AM36,AN37=AN36,AO37=AO36,AP37=AP36,AJ38<>"t"),AZ37,IF(AJ38="t",AI38,AI37)) -> 6.33 | BA38: =IF(AND($AM37=$AM36,$AN37=AN36,$AO37=$AO36,$AP37=$AP36,$AJ38<>"t"),BA37,BZ37) -> 0.25949074 | BB38: =IF(AND($AM37=$AM36,$AN37=AN36,$AO37=$AO36,$AP37=$AP36,$AJ38<>"t"),BB37,CA37) -> 0.2650463 | BC38: =IF(AND($AM37=$AM36,$AN37=AN36,$AO37=$AO36,$AP37=$AP36,$AJ38<>"t"),BC37,CB37) -> 0.26574074 | BD38: =IF(AND($AM37=$AM36,$AN37=AN36,$AO37=$AO36,$AP37=$AP36,$AJ38<>"t"),BD37,CC37) -> 0.31157407 | BE38: =IF(AND($AM37=$AM36,$AN37=AN36,$AO37=$AO36,$AP37=$AP36,$AJ38<>"t"),BE37,CD37) -> 0.31226852 | BF38: =IF(AND($AM37=$AM36,$AN37=AN36,$AO37=$AO36,$AP37=$AP36,$AJ38<>"t"),BF37,CE37) -> 0.32268519 | BG38: =IF(AND($AM37=$AM36,$AN37=AN36,$AO37=$AO36,$AP37=$AP36,$AJ38<>"t"),BG37,CF37) -> 0.32337963 | BH38: =IF(AND($AM37=$AM36,$AN37=AN36,$AO37=$AO36,$AP37=$AP36,$AJ38<>"t"),BH37,CG37) -> 0.32268519 | BI38: =AI38-AZ38 -> 1.24 | BJ38: =IF($AJ37="t",IF(AM36=0,0,$BI38/AM36),IF(AM37=0,0,$BI38/AM37)) -> 0.036470588 | BK38: =IF($AJ37="t",IF(AN36=0,0,$BI38/AN36),IF(AN37=0,0,$BI38/AN37)) -> 0.031794872 | BL38: =IF($AJ37="t",IF(AO36=0,0,$BI38/AO36),IF(AO37=0,0,$BI38/AO37)) -> 0.028181818 | BM38: =IF($AJ37="t",IF(AP36=0,0,$BI38/AP36),IF(AP37=0,0,$BI38/AP37)) -> 0.025306122 | BN38: =IF(AJ38="t",0,INT(BJ38)) -> 0 | BO38: =IF(AJ38="t",AM38,IF(INT((BJ38-BN38)*60)<0,1,INT((BJ38-BN38)*60))) -> 2 | BP38: =IF(AJ38="t",0,ROUND((((BJ38-BN38)*60)-BO38)*60,0)) -> 11 | BQ38: =IF(AJ38="t",0,INT(BK38)) -> 0 | BR38: =IF(AJ38="t",AN38,IF(INT((BK38-BQ38)*60)<0,1,INT((BK38-BQ38)*60))) -> 1 | BS38: =IF(AJ38="t",0,ROUND((((BK38-BQ38)*60)-BR38)*60,0)) -> 54 | BT38: =IF(AJ38="t",0,INT(BL38)) -> 0 | BU38: =IF(AJ38="t",AO38,IF(INT((BL38-BT38)*60)<0,1,INT((BL38-BT38)*60))) -> 1 | BV38: =IF(AJ38="t",0,ROUND((((BL38-BT38)*60)-BU38)*60,0)) -> 41 | BW38: =IF(AJ38="t",0,INT(BM38)) -> 0 | BX38: =IF(AJ38="t",AP38,IF(INT((BM38-BW38)*60)<0,1,INT((BM38-BW38)*60))) -> 1 | BY38: =IF(AJ38="t",0,ROUND((((BM38-BW38)*60)-BX38)*60,0)) -> 31 | BZ38: =BA38+TIME(BN38,BO38,BP38) -> 0.26100694 | CA38: =BB38+TIME(BN38,BO38,BP38) -> 0.2665625 | CB38: =BC38+TIME(BQ38,BR38,BS38) -> 0.26706019 | CC38: =BD38+TIME(BQ38,BR38,BS38) -> 0.31289352 | CD38: =BE38+TIME(BT38,BU38,BV38) -> 0.3134375 | CE38: =BF38+TIME(BT38,BU38,BV38) -> 0.32385417 | CF38: =BG38+TIME(BW38,BX38,BY38) -> 0.32443287 | CG38: =BH38+TIME(BW38,BX38,BY38) -> 0.32373843 | CL38: 60
A39: 27 | B39: UD1 | C39: f | D39: 34 | G39: 7.69 | H39: =ROUND(IF(G39="",N39,IF(P39="",I39,IF(R39="",(I39+(P39+O39))/2,IF(T39="",(I39+(P39+O39)+(R39+Q39))/3,(I39+(P39+O39)+(R39+Q39)+(T39+S39))/4)))),2) -> 7.71 | I39: 7.73 | J39: =IF(N39="","",IF((I39-$I$4)=0,0,((I39-$I$4-(N39-$N$4))/(I39-$I$4)))) -> 0.0034497628 | K39: =(I39-$I$5)-(N39-$N$5) -> 0.026666667 | L39: Alverstone 1. START of REGULARITY. | M39: 60 | N39: =IF(P39="",((I39-I38)+H38),IF(R39="",(P39+O39),IF(T39="",((P39+O39)+(R39+Q39))/2,((P39+O39)+(R39+Q39)+(T39+S39))/3))) -> 7.7033333 | P39: 7.69 | R39: 7.7 | T39: 7.72 | U39: =IF(W39="","",IF(Y39="",W39,IF(AA39<1,ROUND((Y39+W39)/2,5),IF(AC39<1,ROUND((Y39+AA39+W39)/3,5),ROUND((Y39+AA39+AC39+W39)/4,5))))) | V39: =IF(X39="","",IF(Z39<1,ROUND(X39,5),IF(AB39<1,ROUND((X39+Z39)/2,5),IF(AD39<1,ROUND((X39+Z39+AB39)/3,5),ROUND((X39+Z39+AB39+AD39)/4,5))))) | AE39: =IF(A39="","",A39) -> 27 | AF39: =IF(B39="","",B39) -> UD1 | AG39: =IF(C39="","",C39) -> f | AH39: =IF(D39="","",D39) -> 34 | AI39: =H39 -> 7.71 | AM39: =IF(OR(AJ39="",AJ39="m"),AM38,IF(AH39<>"",AH39,"")) -> 34 | AN39: =IF(AJ39<>"",IF(AJ39="o",VLOOKUP(AM39,OpenSect!$A$1:$D$11,2),IF(AJ39="u",VLOOKUP(AM39,UpHill!$A$1:$D$35,2),IF(AJ39="d",VLOOKUP(AM39,DownHill!$A$3:$D$29,2),IF(AJ39="f",VLOOKUP(AM39,FlatUnd!$A$2:$D$30,2),IF(AJ39="t",VLOOKUP(AM39,TimeAdd!$A$1:$D$176,2),IF(AJ39="l",VLOOKUP(AM39,SLimit!$A$1:$D$8,2),AN38)))))),AN38) -> 39 | AO39: =IF(AJ39<>"",IF(AJ39="o",VLOOKUP(AM39,OpenSect!$A$1:$D$11,3),IF(AJ39="u",VLOOKUP(AM39,UpHill!$A$1:$D$35,3),IF(AJ39="d",VLOOKUP(AM39,DownHill!$A$3:$D$29,3),IF(AJ39="f",VLOOKUP(AM39,FlatUnd!$A$2:$D$30,3),IF(AJ39="t",VLOOKUP(AM39,TimeAdd!$A$1:$D$18,3),IF(AJ39="l",VLOOKUP(AM39,SLimit!$A$1:$D$8,3),AO38)))))),AO38) -> 44 | AP39: =IF(AJ39<>"",IF(AJ39="o",VLOOKUP(AM39,OpenSect!$A$1:$D$11,4),IF(AJ39="u",VLOOKUP(AM39,UpHill!$A$1:$D$35,4),IF(AJ39="d",VLOOKUP(AM39,DownHill!$A$3:$D$29,4),IF(AJ39="f",VLOOKUP(AM39,FlatUnd!$A$2:$D$30,4),IF(AJ39="t",VLOOKUP(AM39,TimeAdd!$A$1:$D$18,4),IF(AJ39="l",VLOOKUP(AM39,SLimit!$A$1:$D$8,4),AP38)))))),AP38) -> 49 | AQ39: =M39 -> 60 | AR39: =L39 -> Alverstone 1. START of REGULARITY. | AU39: =IF(GroupStTimes!$A$8=0,MIN(CB39,CD39,CF39),MIN(BZ39,CB39,CD39,CF39)) -> 0.26118056 | AV39: =IF(GroupStTimes!$A$8=0,MAX(CC39,CE39,CG39),MAX(CA39,CC39,CE39,CG39)) -> 0.32399306 | AW39: =IF(U39="","",CONCATENATE(FIXED(U39,5)," ",FIXED(V39,5))) | AX39: =IF(AJ39="m",ROUND(W39,5),"") | AY39: =IF(AJ39="m",ROUND(X39,5),"") | AZ39: =IF(AND(AM38=AM37,AN38=AN37,AO38=AO37,AP38=AP37,AJ39<>"t"),AZ38,IF(AJ39="t",AI39,AI38)) -> 6.33 | BA39: =IF(AND($AM38=$AM37,$AN38=AN37,$AO38=$AO37,$AP38=$AP37,$AJ39<>"t"),BA38,BZ38) -> 0.25949074 | BB39: =IF(AND($AM38=$AM37,$AN38=AN37,$AO38=$AO37,$AP38=$AP37,$AJ39<>"t"),BB38,CA38) -> 0.2650463 | BC39: =IF(AND($AM38=$AM37,$AN38=AN37,$AO38=$AO37,$AP38=$AP37,$AJ39<>"t"),BC38,CB38) -> 0.26574074 | BD39: =IF(AND($AM38=$AM37,$AN38=AN37,$AO38=$AO37,$AP38=$AP37,$AJ39<>"t"),BD38,CC38) -> 0.31157407 | BE39: =IF(AND($AM38=$AM37,$AN38=AN37,$AO38=$AO37,$AP38=$AP37,$AJ39<>"t"),BE38,CD38) -> 0.31226852 | BF39: =IF(AND($AM38=$AM37,$AN38=AN37,$AO38=$AO37,$AP38=$AP37,$AJ39<>"t"),BF38,CE38) -> 0.32268519 | BG39: =IF(AND($AM38=$AM37,$AN38=AN37,$AO38=$AO37,$AP38=$AP37,$AJ39<>"t"),BG38,CF38) -> 0.32337963 | BH39: =IF(AND($AM38=$AM37,$AN38=AN37,$AO38=$AO37,$AP38=$AP37,$AJ39<>"t"),BH38,CG38) -> 0.32268519 | BI39: =AI39-AZ39 -> 1.38 | BJ39: =IF($AJ38="t",IF(AM37=0,0,$BI39/AM37),IF(AM38=0,0,$BI39/AM38)) -> 0.040588235 | BK39: =IF($AJ38="t",IF(AN37=0,0,$BI39/AN37),IF(AN38=0,0,$BI39/AN38)) -> 0.035384615 | BL39: =IF($AJ38="t",IF(AO37=0,0,$BI39/AO37),IF(AO38=0,0,$BI39/AO38)) -> 0.031363636 | BM39: =IF($AJ38="t",IF(AP37=0,0,$BI39/AP37),IF(AP38=0,0,$BI39/AP38)) -> 0.028163265 | BN39: =IF(AJ39="t",0,INT(BJ39)) -> 0 | BO39: =IF(AJ39="t",AM39,IF(INT((BJ39-BN39)*60)<0,1,INT((BJ39-BN39)*60))) -> 2 | BP39: =IF(AJ39="t",0,ROUND((((BJ39-BN39)*60)-BO39)*60,0)) -> 26 | BQ39: =IF(AJ39="t",0,INT(BK39)) -> 0 | BR39: =IF(AJ39="t",AN39,IF(INT((BK39-BQ39)*60)<0,1,INT((BK39-BQ39)*60))) -> 2 | BS39: =IF(AJ39="t",0,ROUND((((BK39-BQ39)*60)-BR39)*60,0)) -> 7 | BT39: =IF(AJ39="t",0,INT(BL39)) -> 0 | BU39: =IF(AJ39="t",AO39,IF(INT((BL39-BT39)*60)<0,1,INT((BL39-BT39)*60))) -> 1 | BV39: =IF(AJ39="t",0,ROUND((((BL39-BT39)*60)-BU39)*60,0)) -> 53 | BW39: =IF(AJ39="t",0,INT(BM39)) -> 0 | BX39: =IF(AJ39="t",AP39,IF(INT((BM39-BW39)*60)<0,1,INT((BM39-BW39)*60))) -> 1 | BY39: =IF(AJ39="t",0,ROUND((((BM39-BW39)*60)-BX39)*60,0)) -> 41 | BZ39: =BA39+TIME(BN39,BO39,BP39) -> 0.26118056 | CA39: =BB39+TIME(BN39,BO39,BP39) -> 0.26673611 | CB39: =BC39+TIME(BQ39,BR39,BS39) -> 0.26721065 | CC39: =BD39+TIME(BQ39,BR39,BS39) -> 0.31304398 | CD39: =BE39+TIME(BT39,BU39,BV39) -> 0.31357639 | CE39: =BF39+TIME(BT39,BU39,BV39) -> 0.32399306 | CF39: =BG39+TIME(BW39,BX39,BY39) -> 0.32454861 | CG39: =BH39+TIME(BW39,BX39,BY39) -> 0.32385417 | CL39: 60
A40: 27 | B40: UD1 | G40: 9.1 | H40: =ROUND(IF(G40="",N40,IF(P40="",I40,IF(R40="",(I40+(P40+O40))/2,IF(T40="",(I40+(P40+O40)+(R40+Q40))/3,(I40+(P40+O40)+(R40+Q40)+(T40+S40))/4)))),2) -> 9.1 | I40: 9.09 | J40: =IF(N40="","",IF((I40-$I$4)=0,0,((I40-$I$4-(N40-$N$4))/(I40-$I$4)))) -> -0.00073340667 | K40: =(I40-$I$5)-(N40-$N$5) -> -0.0066666667 | L40: Drummond | M40: 60 | N40: =IF(P40="",((I40-I39)+H39),IF(R40="",(P40+O40),IF(T40="",((P40+O40)+(R40+Q40))/2,((P40+O40)+(R40+Q40)+(T40+S40))/3))) -> 9.0966667 | P40: 9.05 | R40: 9.11 | T40: 9.13 | U40: =IF(W40="","",IF(Y40="",W40,IF(AA40<1,ROUND((Y40+W40)/2,5),IF(AC40<1,ROUND((Y40+AA40+W40)/3,5),ROUND((Y40+AA40+AC40+W40)/4,5))))) | V40: =IF(X40="","",IF(Z40<1,ROUND(X40,5),IF(AB40<1,ROUND((X40+Z40)/2,5),IF(AD40<1,ROUND((X40+Z40+AB40)/3,5),ROUND((X40+Z40+AB40+AD40)/4,5))))) | AE40: =IF(A40="","",A40) -> 27 | AF40: =IF(B40="","",B40) -> UD1 | AG40: =IF(C40="","",C40) | AH40: =IF(D40="","",D40) | AI40: =H40 -> 9.1 | AM40: =IF(OR(AJ40="",AJ40="m"),AM39,IF(AH40<>"",AH40,"")) -> 34 | AN40: =IF(AJ40<>"",IF(AJ40="o",VLOOKUP(AM40,OpenSect!$A$1:$D$11,2),IF(AJ40="u",VLOOKUP(AM40,UpHill!$A$1:$D$35,2),IF(AJ40="d",VLOOKUP(AM40,DownHill!$A$3:$D$29,2),IF(AJ40="f",VLOOKUP(AM40,FlatUnd!$A$2:$D$30,2),IF(AJ40="t",VLOOKUP(AM40,TimeAdd!$A$1:$D$176,2),IF(AJ40="l",VLOOKUP(AM40,SLimit!$A$1:$D$8,2),AN39)))))),AN39) -> 39 | AO40: =IF(AJ40<>"",IF(AJ40="o",VLOOKUP(AM40,OpenSect!$A$1:$D$11,3),IF(AJ40="u",VLOOKUP(AM40,UpHill!$A$1:$D$35,3),IF(AJ40="d",VLOOKUP(AM40,DownHill!$A$3:$D$29,3),IF(AJ40="f",VLOOKUP(AM40,FlatUnd!$A$2:$D$30,3),IF(AJ40="t",VLOOKUP(AM40,TimeAdd!$A$1:$D$18,3),IF(AJ40="l",VLOOKUP(AM40,SLimit!$A$1:$D$8,3),AO39)))))),AO39) -> 44 | AP40: =IF(AJ40<>"",IF(AJ40="o",VLOOKUP(AM40,OpenSect!$A$1:$D$11,4),IF(AJ40="u",VLOOKUP(AM40,UpHill!$A$1:$D$35,4),IF(AJ40="d",VLOOKUP(AM40,DownHill!$A$3:$D$29,4),IF(AJ40="f",VLOOKUP(AM40,FlatUnd!$A$2:$D$30,4),IF(AJ40="t",VLOOKUP(AM40,TimeAdd!$A$1:$D$18,4),IF(AJ40="l",VLOOKUP(AM40,SLimit!$A$1:$D$8,4),AP39)))))),AP39) -> 49 | AQ40: =M40 -> 60 | AR40: =L40 -> Drummond | AU40: =IF(GroupStTimes!$A$8=0,MIN(CB40,CD40,CF40),MIN(BZ40,CB40,CD40,CF40)) -> 0.26288194 | AV40: =IF(GroupStTimes!$A$8=0,MAX(CC40,CE40,CG40),MAX(CA40,CC40,CE40,CG40)) -> 0.3253125 | AW40: =IF(U40="","",CONCATENATE(FIXED(U40,5)," ",FIXED(V40,5))) | AX40: =IF(AJ40="m",ROUND(W40,5),"") | AY40: =IF(AJ40="m",ROUND(X40,5),"") | AZ40: =IF(AND(AM39=AM38,AN39=AN38,AO39=AO38,AP39=AP38,AJ40<>"t"),AZ39,IF(AJ40="t",AI40,AI39)) -> 6.33 | BA40: =IF(AND($AM39=$AM38,$AN39=AN38,$AO39=$AO38,$AP39=$AP38,$AJ40<>"t"),BA39,BZ39) -> 0.25949074 | BB40: =IF(AND($AM39=$AM38,$AN39=AN38,$AO39=$AO38,$AP39=$AP38,$AJ40<>"t"),BB39,CA39) -> 0.2650463 | BC40: =IF(AND($AM39=$AM38,$AN39=AN38,$AO39=$AO38,$AP39=$AP38,$AJ40<>"t"),BC39,CB39) -> 0.26574074 | BD40: =IF(AND($AM39=$AM38,$AN39=AN38,$AO39=$AO38,$AP39=$AP38,$AJ40<>"t"),BD39,CC39) -> 0.31157407 | BE40: =IF(AND($AM39=$AM38,$AN39=AN38,$AO39=$AO38,$AP39=$AP38,$AJ40<>"t"),BE39,CD39) -> 0.31226852 | BF40: =IF(AND($AM39=$AM38,$AN39=AN38,$AO39=$AO38,$AP39=$AP38,$AJ40<>"t"),BF39,CE39) -> 0.32268519 | BG40: =IF(AND($AM39=$AM38,$AN39=AN38,$AO39=$AO38,$AP39=$AP38,$AJ40<>"t"),BG39,CF39) -> 0.32337963 | BH40: =IF(AND($AM39=$AM38,$AN39=AN38,$AO39=$AO38,$AP39=$AP38,$AJ40<>"t"),BH39,CG39) -> 0.32268519 | BI40: =AI40-AZ40 -> 2.77 | BJ40: =IF($AJ39="t",IF(AM38=0,0,$BI40/AM38),IF(AM39=0,0,$BI40/AM39)) -> 0.081470588 | BK40: =IF($AJ39="t",IF(AN38=0,0,$BI40/AN38),IF(AN39=0,0,$BI40/AN39)) -> 0.071025641 | BL40: =IF($AJ39="t",IF(AO38=0,0,$BI40/AO38),IF(AO39=0,0,$BI40/AO39)) -> 0.062954545 | BM40: =IF($AJ39="t",IF(AP38=0,0,$BI40/AP38),IF(AP39=0,0,$BI40/AP39)) -> 0.056530612 | BN40: =IF(AJ40="t",0,INT(BJ40)) -> 0 | BO40: =IF(AJ40="t",AM40,IF(INT((BJ40-BN40)*60)<0,1,INT((BJ40-BN40)*60))) -> 4 | BP40: =IF(AJ40="t",0,ROUND((((BJ40-BN40)*60)-BO40)*60,0)) -> 53 | BQ40: =IF(AJ40="t",0,INT(BK40)) -> 0 | BR40: =IF(AJ40="t",AN40,IF(INT((BK40-BQ40)*60)<0,1,INT((BK40-BQ40)*60))) -> 4 | BS40: =IF(AJ40="t",0,ROUND((((BK40-BQ40)*60)-BR40)*60,0)) -> 16 | BT40: =IF(AJ40="t",0,INT(BL40)) -> 0 | BU40: =IF(AJ40="t",AO40,IF(INT((BL40-BT40)*60)<0,1,INT((BL40-BT40)*60))) -> 3 | BV40: =IF(AJ40="t",0,ROUND((((BL40-BT40)*60)-BU40)*60,0)) -> 47 | BW40: =IF(AJ40="t",0,INT(BM40)) -> 0 | BX40: =IF(AJ40="t",AP40,IF(INT((BM40-BW40)*60)<0,1,INT((BM40-BW40)*60))) -> 3 | BY40: =IF(AJ40="t",0,ROUND((((BM40-BW40)*60)-BX40)*60,0)) -> 24 | BZ40: =BA40+TIME(BN40,BO40,BP40) -> 0.26288194 | CA40: =BB40+TIME(BN40,BO40,BP40) -> 0.2684375 | CB40: =BC40+TIME(BQ40,BR40,BS40) -> 0.2687037 | CC40: =BD40+TIME(BQ40,BR40,BS40) -> 0.31453704 | CD40: =BE40+TIME(BT40,BU40,BV40) -> 0.31489583 | CE40: =BF40+TIME(BT40,BU40,BV40) -> 0.3253125 | CF40: =BG40+TIME(BW40,BX40,BY40) -> 0.32574074 | CG40: =BH40+TIME(BW40,BX40,BY40) -> 0.3250463 | CL40: 60
A41: 27 | B41: UD1 | G41: 9.14 | H41: =ROUND(IF(G41="",N41,IF(P41="",I41,IF(R41="",(I41+(P41+O41))/2,IF(T41="",(I41+(P41+O41)+(R41+Q41))/3,(I41+(P41+O41)+(R41+Q41)+(T41+S41))/4)))),2) -> 9.14 | I41: 9.13 | J41: =IF(N41="","",IF((I41-$I$4)=0,0,((I41-$I$4-(N41-$N$4))/(I41-$I$4)))) -> -0.0010952903 | K41: =(I41-$I$5)-(N41-$N$5) -> -0.01 | L41: Warning - Sharp curve. {Right} | M41: 60 | N41: =IF(P41="",((I41-I40)+H40),IF(R41="",(P41+O41),IF(T41="",((P41+O41)+(R41+Q41))/2,((P41+O41)+(R41+Q41)+(T41+S41))/3))) -> 9.14 | P41: 9.09 | R41: 9.15 | T41: 9.18 | U41: =IF(W41="","",IF(Y41="",W41,IF(AA41<1,ROUND((Y41+W41)/2,5),IF(AC41<1,ROUND((Y41+AA41+W41)/3,5),ROUND((Y41+AA41+AC41+W41)/4,5))))) | V41: =IF(X41="","",IF(Z41<1,ROUND(X41,5),IF(AB41<1,ROUND((X41+Z41)/2,5),IF(AD41<1,ROUND((X41+Z41+AB41)/3,5),ROUND((X41+Z41+AB41+AD41)/4,5))))) | AE41: =IF(A41="","",A41) -> 27 | AF41: =IF(B41="","",B41) -> UD1 | AG41: =IF(C41="","",C41) | AH41: =IF(D41="","",D41) | AI41: =H41 -> 9.14 | AM41: =IF(OR(AJ41="",AJ41="m"),AM40,IF(AH41<>"",AH41,"")) -> 34 | AN41: =IF(AJ41<>"",IF(AJ41="o",VLOOKUP(AM41,OpenSect!$A$1:$D$11,2),IF(AJ41="u",VLOOKUP(AM41,UpHill!$A$1:$D$35,2),IF(AJ41="d",VLOOKUP(AM41,DownHill!$A$3:$D$29,2),IF(AJ41="f",VLOOKUP(AM41,FlatUnd!$A$2:$D$30,2),IF(AJ41="t",VLOOKUP(AM41,TimeAdd!$A$1:$D$176,2),IF(AJ41="l",VLOOKUP(AM41,SLimit!$A$1:$D$8,2),AN40)))))),AN40) -> 39 | AO41: =IF(AJ41<>"",IF(AJ41="o",VLOOKUP(AM41,OpenSect!$A$1:$D$11,3),IF(AJ41="u",VLOOKUP(AM41,UpHill!$A$1:$D$35,3),IF(AJ41="d",VLOOKUP(AM41,DownHill!$A$3:$D$29,3),IF(AJ41="f",VLOOKUP(AM41,FlatUnd!$A$2:$D$30,3),IF(AJ41="t",VLOOKUP(AM41,TimeAdd!$A$1:$D$18,3),IF(AJ41="l",VLOOKUP(AM41,SLimit!$A$1:$D$8,3),AO40)))))),AO40) -> 44 | AP41: =IF(AJ41<>"",IF(AJ41="o",VLOOKUP(AM41,OpenSect!$A$1:$D$11,4),IF(AJ41="u",VLOOKUP(AM41,UpHill!$A$1:$D$35,4),IF(AJ41="d",VLOOKUP(AM41,DownHill!$A$3:$D$29,4),IF(AJ41="f",VLOOKUP(AM41,FlatUnd!$A$2:$D$30,4),IF(AJ41="t",VLOOKUP(AM41,TimeAdd!$A$1:$D$18,4),IF(AJ41="l",VLOOKUP(AM41,SLimit!$A$1:$D$8,4),AP40)))))),AP40) -> 49 | AQ41: =M41 -> 60 | AR41: =L41 -> Warning - Sharp curve. {Right} | AU41: =IF(GroupStTimes!$A$8=0,MIN(CB41,CD41,CF41),MIN(BZ41,CB41,CD41,CF41)) -> 0.26293981 | AV41: =IF(GroupStTimes!$A$8=0,MAX(CC41,CE41,CG41),MAX(CA41,CC41,CE41,CG41)) -> 0.32534722 | AW41: =IF(U41="","",CONCATENATE(FIXED(U41,5)," ",FIXED(V41,5))) | AX41: =IF(AJ41="m",ROUND(W41,5),"") | AY41: =IF(AJ41="m",ROUND(X41,5),"") | AZ41: =IF(AND(AM40=AM39,AN40=AN39,AO40=AO39,AP40=AP39,AJ41<>"t"),AZ40,IF(AJ41="t",AI41,AI40)) -> 6.33 | BA41: =IF(AND($AM40=$AM39,$AN40=AN39,$AO40=$AO39,$AP40=$AP39,$AJ41<>"t"),BA40,BZ40) -> 0.25949074 | BB41: =IF(AND($AM40=$AM39,$AN40=AN39,$AO40=$AO39,$AP40=$AP39,$AJ41<>"t"),BB40,CA40) -> 0.2650463 | BC41: =IF(AND($AM40=$AM39,$AN40=AN39,$AO40=$AO39,$AP40=$AP39,$AJ41<>"t"),BC40,CB40) -> 0.26574074 | BD41: =IF(AND($AM40=$AM39,$AN40=AN39,$AO40=$AO39,$AP40=$AP39,$AJ41<>"t"),BD40,CC40) -> 0.31157407 | BE41: =IF(AND($AM40=$AM39,$AN40=AN39,$AO40=$AO39,$AP40=$AP39,$AJ41<>"t"),BE40,CD40) -> 0.31226852 | BF41: =IF(AND($AM40=$AM39,$AN40=AN39,$AO40=$AO39,$AP40=$AP39,$AJ41<>"t"),BF40,CE40) -> 0.32268519 | BG41: =IF(AND($AM40=$AM39,$AN40=AN39,$AO40=$AO39,$AP40=$AP39,$AJ41<>"t"),BG40,CF40) -> 0.32337963 | BH41: =IF(AND($AM40=$AM39,$AN40=AN39,$AO40=$AO39,$AP40=$AP39,$AJ41<>"t"),BH40,CG40) -> 0.32268519 | BI41: =AI41-AZ41 -> 2.81 | BJ41: =IF($AJ40="t",IF(AM39=0,0,$BI41/AM39),IF(AM40=0,0,$BI41/AM40)) -> 0.082647059 | BK41: =IF($AJ40="t",IF(AN39=0,0,$BI41/AN39),IF(AN40=0,0,$BI41/AN40)) -> 0.072051282 | BL41: =IF($AJ40="t",IF(AO39=0,0,$BI41/AO39),IF(AO40=0,0,$BI41/AO40)) -> 0.063863636 | BM41: =IF($AJ40="t",IF(AP39=0,0,$BI41/AP39),IF(AP40=0,0,$BI41/AP40)) -> 0.057346939 | BN41: =IF(AJ41="t",0,INT(BJ41)) -> 0 | BO41: =IF(AJ41="t",AM41,IF(INT((BJ41-BN41)*60)<0,1,INT((BJ41-BN41)*60))) -> 4 | BP41: =IF(AJ41="t",0,ROUND((((BJ41-BN41)*60)-BO41)*60,0)) -> 58 | BQ41: =IF(AJ41="t",0,INT(BK41)) -> 0 | BR41: =IF(AJ41="t",AN41,IF(INT((BK41-BQ41)*60)<0,1,INT((BK41-BQ41)*60))) -> 4 | BS41: =IF(AJ41="t",0,ROUND((((BK41-BQ41)*60)-BR41)*60,0)) -> 19 | BT41: =IF(AJ41="t",0,INT(BL41)) -> 0 | BU41: =IF(AJ41="t",AO41,IF(INT((BL41-BT41)*60)<0,1,INT((BL41-BT41)*60))) -> 3 | BV41: =IF(AJ41="t",0,ROUND((((BL41-BT41)*60)-BU41)*60,0)) -> 50 | BW41: =IF(AJ41="t",0,INT(BM41)) -> 0 | BX41: =IF(AJ41="t",AP41,IF(INT((BM41-BW41)*60)<0,1,INT((BM41-BW41)*60))) -> 3 | BY41: =IF(AJ41="t",0,ROUND((((BM41-BW41)*60)-BX41)*60,0)) -> 26 | BZ41: =BA41+TIME(BN41,BO41,BP41) -> 0.26293981 | CA41: =BB41+TIME(BN41,BO41,BP41) -> 0.26849537 | CB41: =BC41+TIME(BQ41,BR41,BS41) -> 0.26873843 | CC41: =BD41+TIME(BQ41,BR41,BS41) -> 0.31457176 | CD41: =BE41+TIME(BT41,BU41,BV41) -> 0.31493056 | CE41: =BF41+TIME(BT41,BU41,BV41) -> 0.32534722 | CF41: =BG41+TIME(BW41,BX41,BY41) -> 0.32576389 | CG41: =BH41+TIME(BW41,BX41,BY41) -> 0.32506944 | CL41: 60
A42: 27 | C42: m | G42: 9.5 | H42: =ROUND(IF(G42="",N42,IF(P42="",I42,IF(R42="",(I42+(P42+O42))/2,IF(T42="",(I42+(P42+O42)+(R42+Q42))/3,(I42+(P42+O42)+(R42+Q42)+(T42+S42))/4)))),2) -> 9.51 | I42: 9.5 | J42: =IF(N42="","",IF((I42-$I$4)=0,0,((I42-$I$4-(N42-$N$4))/(I42-$I$4)))) -> -0.00070175439 | K42: =(I42-$I$5)-(N42-$N$5) -> -0.0066666667 | L42: Control at No Dumping: Hotline 073 463 3920. Dot on Pole, Dot on Road | M42: 60 | N42: =IF(P42="",((I42-I41)+H41),IF(R42="",(P42+O42),IF(T42="",((P42+O42)+(R42+Q42))/2,((P42+O42)+(R42+Q42)+(T42+S42))/3))) -> 9.5066667 | P42: 9.46 | R42: 9.52 | T42: 9.54 | U42: =IF(W42="","",IF(Y42="",W42,IF(AA42<1,ROUND((Y42+W42)/2,5),IF(AC42<1,ROUND((Y42+AA42+W42)/3,5),ROUND((Y42+AA42+AC42+W42)/4,5))))) -> 29.75912 | V42: =IF(X42="","",IF(Z42<1,ROUND(X42,5),IF(AB42<1,ROUND((X42+Z42)/2,5),IF(AD42<1,ROUND((X42+Z42+AB42)/3,5),ROUND((X42+Z42+AB42+AD42)/4,5))))) -> 30.70895 | W42: 29.75912 | X42: 30.7089 | Y42: 29.75913 | Z42: 30.70895 | AA42: 29.75916 | AB42: 30.709 | AC42: 29.75908 | AD42: 30.70895 | AE42: =IF(A42="","",A42) -> 27 | AF42: =IF(B42="","",B42) | AG42: =IF(C42="","",C42) -> m | AH42: =IF(D42="","",D42) | AI42: =H42 -> 9.51 | AJ42: m | AM42: =IF(OR(AJ42="",AJ42="m"),AM41,IF(AH42<>"",AH42,"")) -> 34 | AN42: =IF(AJ42<>"",IF(AJ42="o",VLOOKUP(AM42,OpenSect!$A$1:$D$11,2),IF(AJ42="u",VLOOKUP(AM42,UpHill!$A$1:$D$35,2),IF(AJ42="d",VLOOKUP(AM42,DownHill!$A$3:$D$29,2),IF(AJ42="f",VLOOKUP(AM42,FlatUnd!$A$2:$D$30,2),IF(AJ42="t",VLOOKUP(AM42,TimeAdd!$A$1:$D$176,2),IF(AJ42="l",VLOOKUP(AM42,SLimit!$A$1:$D$8,2),AN41)))))),AN41) -> 39 | AO42: =IF(AJ42<>"",IF(AJ42="o",VLOOKUP(AM42,OpenSect!$A$1:$D$11,3),IF(AJ42="u",VLOOKUP(AM42,UpHill!$A$1:$D$35,3),IF(AJ42="d",VLOOKUP(AM42,DownHill!$A$3:$D$29,3),IF(AJ42="f",VLOOKUP(AM42,FlatUnd!$A$2:$D$30,3),IF(AJ42="t",VLOOKUP(AM42,TimeAdd!$A$1:$D$18,3),IF(AJ42="l",VLOOKUP(AM42,SLimit!$A$1:$D$8,3),AO41)))))),AO41) -> 44 | AP42: =IF(AJ42<>"",IF(AJ42="o",VLOOKUP(AM42,OpenSect!$A$1:$D$11,4),IF(AJ42="u",VLOOKUP(AM42,UpHill!$A$1:$D$35,4),IF(AJ42="d",VLOOKUP(AM42,DownHill!$A$3:$D$29,4),IF(AJ42="f",VLOOKUP(AM42,FlatUnd!$A$2:$D$30,4),IF(AJ42="t",VLOOKUP(AM42,TimeAdd!$A$1:$D$18,4),IF(AJ42="l",VLOOKUP(AM42,SLimit!$A$1:$D$8,4),AP41)))))),AP41) -> 49 | AQ42: =M42 -> 60 | AR42: =L42 -> Control at No Dumping: Hotline 073 463 3920. Dot on Pole, Dot on Road | AU42: =IF(GroupStTimes!$A$8=0,MIN(CB42,CD42,CF42),MIN(BZ42,CB42,CD42,CF42)) -> 0.2633912 | AV42: =IF(GroupStTimes!$A$8=0,MAX(CC42,CE42,CG42),MAX(CA42,CC42,CE42,CG42)) -> 0.32569444 | AW42: =IF(U42="","",CONCATENATE(FIXED(U42,5)," ",FIXED(V42,5))) -> 29.75912 30.70895 | AX42: =IF(AJ42="m",ROUND(W42,5),"") -> 29.75912 | AY42: =IF(AJ42="m",ROUND(X42,5),"") -> 30.7089 | AZ42: =IF(AND(AM41=AM40,AN41=AN40,AO41=AO40,AP41=AP40,AJ42<>"t"),AZ41,IF(AJ42="t",AI42,AI41)) -> 6.33 | BA42: =IF(AND($AM41=$AM40,$AN41=AN40,$AO41=$AO40,$AP41=$AP40,$AJ42<>"t"),BA41,BZ41) -> 0.25949074 | BB42: =IF(AND($AM41=$AM40,$AN41=AN40,$AO41=$AO40,$AP41=$AP40,$AJ42<>"t"),BB41,CA41) -> 0.2650463 | BC42: =IF(AND($AM41=$AM40,$AN41=AN40,$AO41=$AO40,$AP41=$AP40,$AJ42<>"t"),BC41,CB41) -> 0.26574074 | BD42: =IF(AND($AM41=$AM40,$AN41=AN40,$AO41=$AO40,$AP41=$AP40,$AJ42<>"t"),BD41,CC41) -> 0.31157407 | BE42: =IF(AND($AM41=$AM40,$AN41=AN40,$AO41=$AO40,$AP41=$AP40,$AJ42<>"t"),BE41,CD41) -> 0.31226852 | BF42: =IF(AND($AM41=$AM40,$AN41=AN40,$AO41=$AO40,$AP41=$AP40,$AJ42<>"t"),BF41,CE41) -> 0.32268519 | BG42: =IF(AND($AM41=$AM40,$AN41=AN40,$AO41=$AO40,$AP41=$AP40,$AJ42<>"t"),BG41,CF41) -> 0.32337963 | BH42: =IF(AND($AM41=$AM40,$AN41=AN40,$AO41=$AO40,$AP41=$AP40,$AJ42<>"t"),BH41,CG41) -> 0.32268519 | BI42: =AI42-AZ42 -> 3.18 | BJ42: =IF($AJ41="t",IF(AM40=0,0,$BI42/AM40),IF(AM41=0,0,$BI42/AM41)) -> 0.093529412 | BK42: =IF($AJ41="t",IF(AN40=0,0,$BI42/AN40),IF(AN41=0,0,$BI42/AN41)) -> 0.081538462 | BL42: =IF($AJ41="t",IF(AO40=0,0,$BI42/AO40),IF(AO41=0,0,$BI42/AO41)) -> 0.072272727 | BM42: =IF($AJ41="t",IF(AP40=0,0,$BI42/AP40),IF(AP41=0,0,$BI42/AP41)) -> 0.064897959 | BN42: =IF(AJ42="t",0,INT(BJ42)) -> 0 | BO42: =IF(AJ42="t",AM42,IF(INT((BJ42-BN42)*60)<0,1,INT((BJ42-BN42)*60))) -> 5 | BP42: =IF(AJ42="t",0,ROUND((((BJ42-BN42)*60)-BO42)*60,0)) -> 37 | BQ42: =IF(AJ42="t",0,INT(BK42)) -> 0 | BR42: =IF(AJ42="t",AN42,IF(INT((BK42-BQ42)*60)<0,1,INT((BK42-BQ42)*60))) -> 4 | BS42: =IF(AJ42="t",0,ROUND((((BK42-BQ42)*60)-BR42)*60,0)) -> 54 | BT42: =IF(AJ42="t",0,INT(BL42)) -> 0 | BU42: =IF(AJ42="t",AO42,IF(INT((BL42-BT42)*60)<0,1,INT((BL42-BT42)*60))) -> 4 | BV42: =IF(AJ42="t",0,ROUND((((BL42-BT42)*60)-BU42)*60,0)) -> 20 | BW42: =IF(AJ42="t",0,INT(BM42)) -> 0 | BX42: =IF(AJ42="t",AP42,IF(INT((BM42-BW42)*60)<0,1,INT((BM42-BW42)*60))) -> 3 | BY42: =IF(AJ42="t",0,ROUND((((BM42-BW42)*60)-BX42)*60,0)) -> 54 | BZ42: =BA42+TIME(BN42,BO42,BP42) -> 0.2633912 | CA42: =BB42+TIME(BN42,BO42,BP42) -> 0.26894676 | CB42: =BC42+TIME(BQ42,BR42,BS42) -> 0.26914352 | CC42: =BD42+TIME(BQ42,BR42,BS42) -> 0.31497685 | CD42: =BE42+TIME(BT42,BU42,BV42) -> 0.31527778 | CE42: =BF42+TIME(BT42,BU42,BV42) -> 0.32569444 | CF42: =BG42+TIME(BW42,BX42,BY42) -> 0.32608796 | CG42: =BH42+TIME(BW42,BX42,BY42) -> 0.32539352 | CL42: 60
A43: 27 | G43: 9.6 | H43: =ROUND(IF(G43="",N43,IF(P43="",I43,IF(R43="",(I43+(P43+O43))/2,IF(T43="",(I43+(P43+O43)+(R43+Q43))/3,(I43+(P43+O43)+(R43+Q43)+(T43+S43))/4)))),2) -> 9.59 | I43: 9.58 | J43: =IF(N43="","",IF((I43-$I$4)=0,0,((I43-$I$4-(N43-$N$4))/(I43-$I$4)))) -> -0.0013917884 | K43: =(I43-$I$5)-(N43-$N$5) -> -0.013333333 | L43: 12km Stone | M43: 60 | N43: =IF(P43="",((I43-I42)+H42),IF(R43="",(P43+O43),IF(T43="",((P43+O43)+(R43+Q43))/2,((P43+O43)+(R43+Q43)+(T43+S43))/3))) -> 9.5933333 | P43: 9.54 | R43: 9.61 | T43: 9.63 | U43: =IF(W43="","",IF(Y43="",W43,IF(AA43<1,ROUND((Y43+W43)/2,5),IF(AC43<1,ROUND((Y43+AA43+W43)/3,5),ROUND((Y43+AA43+AC43+W43)/4,5))))) | V43: =IF(X43="","",IF(Z43<1,ROUND(X43,5),IF(AB43<1,ROUND((X43+Z43)/2,5),IF(AD43<1,ROUND((X43+Z43+AB43)/3,5),ROUND((X43+Z43+AB43+AD43)/4,5))))) | AE43: =IF(A43="","",A43) -> 27 | AF43: =IF(B43="","",B43) | AG43: =IF(C43="","",C43) | AH43: =IF(D43="","",D43) | AI43: =H43 -> 9.59 | AM43: =IF(OR(AJ43="",AJ43="m"),AM42,IF(AH43<>"",AH43,"")) -> 34 | AN43: =IF(AJ43<>"",IF(AJ43="o",VLOOKUP(AM43,OpenSect!$A$1:$D$11,2),IF(AJ43="u",VLOOKUP(AM43,UpHill!$A$1:$D$35,2),IF(AJ43="d",VLOOKUP(AM43,DownHill!$A$3:$D$29,2),IF(AJ43="f",VLOOKUP(AM43,FlatUnd!$A$2:$D$30,2),IF(AJ43="t",VLOOKUP(AM43,TimeAdd!$A$1:$D$176,2),IF(AJ43="l",VLOOKUP(AM43,SLimit!$A$1:$D$8,2),AN42)))))),AN42) -> 39 | AO43: =IF(AJ43<>"",IF(AJ43="o",VLOOKUP(AM43,OpenSect!$A$1:$D$11,3),IF(AJ43="u",VLOOKUP(AM43,UpHill!$A$1:$D$35,3),IF(AJ43="d",VLOOKUP(AM43,DownHill!$A$3:$D$29,3),IF(AJ43="f",VLOOKUP(AM43,FlatUnd!$A$2:$D$30,3),IF(AJ43="t",VLOOKUP(AM43,TimeAdd!$A$1:$D$18,3),IF(AJ43="l",VLOOKUP(AM43,SLimit!$A$1:$D$8,3),AO42)))))),AO42) -> 44 | AP43: =IF(AJ43<>"",IF(AJ43="o",VLOOKUP(AM43,OpenSect!$A$1:$D$11,4),IF(AJ43="u",VLOOKUP(AM43,UpHill!$A$1:$D$35,4),IF(AJ43="d",VLOOKUP(AM43,DownHill!$A$3:$D$29,4),IF(AJ43="f",VLOOKUP(AM43,FlatUnd!$A$2:$D$30,4),IF(AJ43="t",VLOOKUP(AM43,TimeAdd!$A$1:$D$18,4),IF(AJ43="l",VLOOKUP(AM43,SLimit!$A$1:$D$8,4),AP42)))))),AP42) -> 49 | AQ43: =M43 -> 60 | AR43: =L43 -> 12km Stone | AU43: =IF(GroupStTimes!$A$8=0,MIN(CB43,CD43,CF43),MIN(BZ43,CB43,CD43,CF43)) -> 0.2634838 | AV43: =IF(GroupStTimes!$A$8=0,MAX(CC43,CE43,CG43),MAX(CA43,CC43,CE43,CG43)) -> 0.32577546 | AW43: =IF(U43="","",CONCATENATE(FIXED(U43,5)," ",FIXED(V43,5))) | AX43: =IF(AJ43="m",ROUND(W43,5),"") | AY43: =IF(AJ43="m",ROUND(X43,5),"") | AZ43: =IF(AND(AM42=AM41,AN42=AN41,AO42=AO41,AP42=AP41,AJ43<>"t"),AZ42,IF(AJ43="t",AI43,AI42)) -> 6.33 | BA43: =IF(AND($AM42=$AM41,$AN42=AN41,$AO42=$AO41,$AP42=$AP41,$AJ43<>"t"),BA42,BZ42) -> 0.25949074 | BB43: =IF(AND($AM42=$AM41,$AN42=AN41,$AO42=$AO41,$AP42=$AP41,$AJ43<>"t"),BB42,CA42) -> 0.2650463 | BC43: =IF(AND($AM42=$AM41,$AN42=AN41,$AO42=$AO41,$AP42=$AP41,$AJ43<>"t"),BC42,CB42) -> 0.26574074 | BD43: =IF(AND($AM42=$AM41,$AN42=AN41,$AO42=$AO41,$AP42=$AP41,$AJ43<>"t"),BD42,CC42) -> 0.31157407 | BE43: =IF(AND($AM42=$AM41,$AN42=AN41,$AO42=$AO41,$AP42=$AP41,$AJ43<>"t"),BE42,CD42) -> 0.31226852 | BF43: =IF(AND($AM42=$AM41,$AN42=AN41,$AO42=$AO41,$AP42=$AP41,$AJ43<>"t"),BF42,CE42) -> 0.32268519 | BG43: =IF(AND($AM42=$AM41,$AN42=AN41,$AO42=$AO41,$AP42=$AP41,$AJ43<>"t"),BG42,CF42) -> 0.32337963 | BH43: =IF(AND($AM42=$AM41,$AN42=AN41,$AO42=$AO41,$AP42=$AP41,$AJ43<>"t"),BH42,CG42) -> 0.32268519 | BI43: =AI43-AZ43 -> 3.26 | BJ43: =IF($AJ42="t",IF(AM41=0,0,$BI43/AM41),IF(AM42=0,0,$BI43/AM42)) -> 0.095882353 | BK43: =IF($AJ42="t",IF(AN41=0,0,$BI43/AN41),IF(AN42=0,0,$BI43/AN42)) -> 0.083589744 | BL43: =IF($AJ42="t",IF(AO41=0,0,$BI43/AO41),IF(AO42=0,0,$BI43/AO42)) -> 0.074090909 | BM43: =IF($AJ42="t",IF(AP41=0,0,$BI43/AP41),IF(AP42=0,0,$BI43/AP42)) -> 0.066530612 | BN43: =IF(AJ43="t",0,INT(BJ43)) -> 0 | BO43: =IF(AJ43="t",AM43,IF(INT((BJ43-BN43)*60)<0,1,INT((BJ43-BN43)*60))) -> 5 | BP43: =IF(AJ43="t",0,ROUND((((BJ43-BN43)*60)-BO43)*60,0)) -> 45 | BQ43: =IF(AJ43="t",0,INT(BK43)) -> 0 | BR43: =IF(AJ43="t",AN43,IF(INT((BK43-BQ43)*60)<0,1,INT((BK43-BQ43)*60))) -> 5 | BS43: =IF(AJ43="t",0,ROUND((((BK43-BQ43)*60)-BR43)*60,0)) -> 1 | BT43: =IF(AJ43="t",0,INT(BL43)) -> 0 | BU43: =IF(AJ43="t",AO43,IF(INT((BL43-BT43)*60)<0,1,INT((BL43-BT43)*60))) -> 4 | BV43: =IF(AJ43="t",0,ROUND((((BL43-BT43)*60)-BU43)*60,0)) -> 27 | BW43: =IF(AJ43="t",0,INT(BM43)) -> 0 | BX43: =IF(AJ43="t",AP43,IF(INT((BM43-BW43)*60)<0,1,INT((BM43-BW43)*60))) -> 3 | BY43: =IF(AJ43="t",0,ROUND((((BM43-BW43)*60)-BX43)*60,0)) -> 60 | BZ43: =BA43+TIME(BN43,BO43,BP43) -> 0.2634838 | CA43: =BB43+TIME(BN43,BO43,BP43) -> 0.26903935 | CB43: =BC43+TIME(BQ43,BR43,BS43) -> 0.26922454 | CC43: =BD43+TIME(BQ43,BR43,BS43) -> 0.31505787 | CD43: =BE43+TIME(BT43,BU43,BV43) -> 0.3153588 | CE43: =BF43+TIME(BT43,BU43,BV43) -> 0.32577546 | CF43: =BG43+TIME(BW43,BX43,BY43) -> 0.32615741 | CG43: =BH43+TIME(BW43,BX43,BY43) -> 0.32546296 | CL43: 60
A44: 27 | G44: 10.6 | H44: =ROUND(IF(G44="",N44,IF(P44="",I44,IF(R44="",(I44+(P44+O44))/2,IF(T44="",(I44+(P44+O44)+(R44+Q44))/3,(I44+(P44+O44)+(R44+Q44)+(T44+S44))/4)))),2) -> 10.59 | I44: 10.58 | J44: =IF(N44="","",IF((I44-$I$4)=0,0,((I44-$I$4-(N44-$N$4))/(I44-$I$4)))) -> -0.0012602394 | K44: =(I44-$I$5)-(N44-$N$5) -> -0.013333333 | L44: 13km Stone | M44: 60 | N44: =IF(P44="",((I44-I43)+H43),IF(R44="",(P44+O44),IF(T44="",((P44+O44)+(R44+Q44))/2,((P44+O44)+(R44+Q44)+(T44+S44))/3))) -> 10.593333 | P44: 10.54 | R44: 10.61 | T44: 10.63 | U44: =IF(W44="","",IF(Y44="",W44,IF(AA44<1,ROUND((Y44+W44)/2,5),IF(AC44<1,ROUND((Y44+AA44+W44)/3,5),ROUND((Y44+AA44+AC44+W44)/4,5))))) | V44: =IF(X44="","",IF(Z44<1,ROUND(X44,5),IF(AB44<1,ROUND((X44+Z44)/2,5),IF(AD44<1,ROUND((X44+Z44+AB44)/3,5),ROUND((X44+Z44+AB44+AD44)/4,5))))) | AE44: =IF(A44="","",A44) -> 27 | AF44: =IF(B44="","",B44) | AG44: =IF(C44="","",C44) | AH44: =IF(D44="","",D44) | AI44: =H44 -> 10.59 | AM44: =IF(OR(AJ44="",AJ44="m"),AM43,IF(AH44<>"",AH44,"")) -> 34 | AN44: =IF(AJ44<>"",IF(AJ44="o",VLOOKUP(AM44,OpenSect!$A$1:$D$11,2),IF(AJ44="u",VLOOKUP(AM44,UpHill!$A$1:$D$35,2),IF(AJ44="d",VLOOKUP(AM44,DownHill!$A$3:$D$29,2),IF(AJ44="f",VLOOKUP(AM44,FlatUnd!$A$2:$D$30,2),IF(AJ44="t",VLOOKUP(AM44,TimeAdd!$A$1:$D$176,2),IF(AJ44="l",VLOOKUP(AM44,SLimit!$A$1:$D$8,2),AN43)))))),AN43) -> 39 | AO44: =IF(AJ44<>"",IF(AJ44="o",VLOOKUP(AM44,OpenSect!$A$1:$D$11,3),IF(AJ44="u",VLOOKUP(AM44,UpHill!$A$1:$D$35,3),IF(AJ44="d",VLOOKUP(AM44,DownHill!$A$3:$D$29,3),IF(AJ44="f",VLOOKUP(AM44,FlatUnd!$A$2:$D$30,3),IF(AJ44="t",VLOOKUP(AM44,TimeAdd!$A$1:$D$18,3),IF(AJ44="l",VLOOKUP(AM44,SLimit!$A$1:$D$8,3),AO43)))))),AO43) -> 44 | AP44: =IF(AJ44<>"",IF(AJ44="o",VLOOKUP(AM44,OpenSect!$A$1:$D$11,4),IF(AJ44="u",VLOOKUP(AM44,UpHill!$A$1:$D$35,4),IF(AJ44="d",VLOOKUP(AM44,DownHill!$A$3:$D$29,4),IF(AJ44="f",VLOOKUP(AM44,FlatUnd!$A$2:$D$30,4),IF(AJ44="t",VLOOKUP(AM44,TimeAdd!$A$1:$D$18,4),IF(AJ44="l",VLOOKUP(AM44,SLimit!$A$1:$D$8,4),AP43)))))),AP43) -> 49 | AQ44: =M44 -> 60 | AR44: =L44 -> 13km Stone | AU44: =IF(GroupStTimes!$A$8=0,MIN(CB44,CD44,CF44),MIN(BZ44,CB44,CD44,CF44)) -> 0.26471065 | AV44: =IF(GroupStTimes!$A$8=0,MAX(CC44,CE44,CG44),MAX(CA44,CC44,CE44,CG44)) -> 0.32672454 | AW44: =IF(U44="","",CONCATENATE(FIXED(U44,5)," ",FIXED(V44,5))) | AX44: =IF(AJ44="m",ROUND(W44,5),"") | AY44: =IF(AJ44="m",ROUND(X44,5),"") | AZ44: =IF(AND(AM43=AM42,AN43=AN42,AO43=AO42,AP43=AP42,AJ44<>"t"),AZ43,IF(AJ44="t",AI44,AI43)) -> 6.33 | BA44: =IF(AND($AM43=$AM42,$AN43=AN42,$AO43=$AO42,$AP43=$AP42,$AJ44<>"t"),BA43,BZ43) -> 0.25949074 | BB44: =IF(AND($AM43=$AM42,$AN43=AN42,$AO43=$AO42,$AP43=$AP42,$AJ44<>"t"),BB43,CA43) -> 0.2650463 | BC44: =IF(AND($AM43=$AM42,$AN43=AN42,$AO43=$AO42,$AP43=$AP42,$AJ44<>"t"),BC43,CB43) -> 0.26574074 | BD44: =IF(AND($AM43=$AM42,$AN43=AN42,$AO43=$AO42,$AP43=$AP42,$AJ44<>"t"),BD43,CC43) -> 0.31157407 | BE44: =IF(AND($AM43=$AM42,$AN43=AN42,$AO43=$AO42,$AP43=$AP42,$AJ44<>"t"),BE43,CD43) -> 0.31226852 | BF44: =IF(AND($AM43=$AM42,$AN43=AN42,$AO43=$AO42,$AP43=$AP42,$AJ44<>"t"),BF43,CE43) -> 0.32268519 | BG44: =IF(AND($AM43=$AM42,$AN43=AN42,$AO43=$AO42,$AP43=$AP42,$AJ44<>"t"),BG43,CF43) -> 0.32337963 | BH44: =IF(AND($AM43=$AM42,$AN43=AN42,$AO43=$AO42,$AP43=$AP42,$AJ44<>"t"),BH43,CG43) -> 0.32268519 | BI44: =AI44-AZ44 -> 4.26 | BJ44: =IF($AJ43="t",IF(AM42=0,0,$BI44/AM42),IF(AM43=0,0,$BI44/AM43)) -> 0.12529412 | BK44: =IF($AJ43="t",IF(AN42=0,0,$BI44/AN42),IF(AN43=0,0,$BI44/AN43)) -> 0.10923077 | BL44: =IF($AJ43="t",IF(AO42=0,0,$BI44/AO42),IF(AO43=0,0,$BI44/AO43)) -> 0.096818182 | BM44: =IF($AJ43="t",IF(AP42=0,0,$BI44/AP42),IF(AP43=0,0,$BI44/AP43)) -> 0.086938776 | BN44: =IF(AJ44="t",0,INT(BJ44)) -> 0 | BO44: =IF(AJ44="t",AM44,IF(INT((BJ44-BN44)*60)<0,1,INT((BJ44-BN44)*60))) -> 7 | BP44: =IF(AJ44="t",0,ROUND((((BJ44-BN44)*60)-BO44)*60,0)) -> 31 | BQ44: =IF(AJ44="t",0,INT(BK44)) -> 0 | BR44: =IF(AJ44="t",AN44,IF(INT((BK44-BQ44)*60)<0,1,INT((BK44-BQ44)*60))) -> 6 | BS44: =IF(AJ44="t",0,ROUND((((BK44-BQ44)*60)-BR44)*60,0)) -> 33 | BT44: =IF(AJ44="t",0,INT(BL44)) -> 0 | BU44: =IF(AJ44="t",AO44,IF(INT((BL44-BT44)*60)<0,1,INT((BL44-BT44)*60))) -> 5 | BV44: =IF(AJ44="t",0,ROUND((((BL44-BT44)*60)-BU44)*60,0)) -> 49 | BW44: =IF(AJ44="t",0,INT(BM44)) -> 0 | BX44: =IF(AJ44="t",AP44,IF(INT((BM44-BW44)*60)<0,1,INT((BM44-BW44)*60))) -> 5 | BY44: =IF(AJ44="t",0,ROUND((((BM44-BW44)*60)-BX44)*60,0)) -> 13 | BZ44: =BA44+TIME(BN44,BO44,BP44) -> 0.26471065 | CA44: =BB44+TIME(BN44,BO44,BP44) -> 0.2702662 | CB44: =BC44+TIME(BQ44,BR44,BS44) -> 0.27028935 | CC44: =BD44+TIME(BQ44,BR44,BS44) -> 0.31612269 | CD44: =BE44+TIME(BT44,BU44,BV44) -> 0.31630787 | CE44: =BF44+TIME(BT44,BU44,BV44) -> 0.32672454 | CF44: =BG44+TIME(BW44,BX44,BY44) -> 0.32700231 | CG44: =BH44+TIME(BW44,BX44,BY44) -> 0.32630787 | CL44: 60
